,Feature,Correlation
0,CD/CR,0.09523434028537095
1,AR/DE,0.09226968635911423
2,AB/DE,0.09080249049254072
3,BN/DA,0.08994629979784173
4,EB/DA,0.08408127016366489
5,FE/DA,0.08099950083805459
6,EB/DE,0.07973198788409505
7,AF/DA,0.07082072829276513
8,AX/DE,0.06912033231468814
9,EL/DA,0.06430837622449452
10,DV/DE,0.06399875740613706
11,DV/DA,0.06374652371515899
12,CD/DE,0.06284057072042357
13,AH/DE,0.062435132958640706
14,AX/DA,0.06163833466422028
15,FE/DE,0.061160384228328674
16,CH/DE,0.06086884323299089
17,BP/DA,0.0597186942190657
18,GH/DE,0.05845777840201934
19,BQ/DA,0.05755620634893498
20,EL/DE,0.05709427321624846
21,DU/FL,0.05586813059136471
22,AF/DH,0.055749856480199575
23,BN/DE,0.05439585684655902
24,BQ/DH,0.05331750153621677
25,CD/DA,0.051113050696031975
26,AB/EE,0.05070019440129073
27,AR/EP,0.050369071090434606
28,CL/DE,0.050309680718478016
29,BC/BD,0.050189037816142
30,CL/GL,0.04896205698547851
31,DU/AM,0.048586827036095556
32,DU/DN,0.048498207286977874
33,CC/DF,0.04797692382777298
34,DU/FR,0.04793934764543396
35,DU/EL,0.046870646168859456
36,AF/CC,0.04515519431743699
37,BC/DE,0.044654426375384866
38,EB/EP,0.04431374468390091
39,DY/GL,0.04398235724601669
40,BD/DE,0.04394373468744684
41,EP/DF,0.04391323189477026
42,BD/GL,0.04361395061668865
43,DY/DE,0.04352073293202545
44,DV/GL,0.04339438399820057
45,EB/AY,0.042862215204002636
46,DN/GL,0.04267253979822302
47,BC/CC,0.042470622022675424
48,DN/DA,0.04241645269321642
49,FL/CR,0.04208951364647993
50,CC/BC,0.041391221014268766
51,AR/CS,0.041329834859320194
52,AR/EE,0.041206667335745094
53,DN/DE,0.04114555835572572
54,DI/CC,0.040898264174812016
55,BZ/DE,0.04079540179172089
56,BC/AH,0.04050773492103466
57,FI/GL,0.040167046774999625
58,DI/DA,0.039781732671315406
59,EJ/GL,0.03942535324258169
60,EL/EE,0.039065520690756146
61,CD/CC,0.03896717462625419
62,AM/EE,0.038953024465468285
63,FI/EB,0.03882088531894286
64,DL/EB,0.038521445167480746
65,AX/EE,0.038496422877748696
66,DU/BC,0.038454189059415
67,CU/DF,0.03837035652383678
68,AR/AY,0.038295482069460804
69,BP/DE,0.03820788708078218
70,BC/BZ,0.03786220408060738
71,DU/CB,0.03782305019554036
72,BQ/DE,0.03701335122330915
73,EP/BC,0.03699461021118613
74,DI/DL,0.036961604319231386
75,DE/GL,0.03649863579792494
76,FC/GL,0.036362896977693904
77,GH/GL,0.036282995515760606
78,EH/GL,0.03583195772005567
79,DH/DF,0.03530551894174381
80,CS/DE,0.034971840470735496
81,CS/GL,0.03448231883818987
82,EL/GL,0.03439144580687122
83,EP/EB,0.03427877112698769
84,AM/DE,0.033862504016599786
85,DU/BP,0.033686842388015864
86,EB/GL,0.03364160901678848
87,DA/EB,0.03342854880468968
88,CU/GL,0.03312354166687768
89,EP/GL,0.03285238053371042
90,GH/DA,0.03252348958078806
91,FE/EE,0.03250391631619805
92,CC/GL,0.03240315646571801
93,FL/CH,0.03215276427927457
94,DN/DF,0.03207667980463481
95,AR/DV,0.031989362133490455
96,BR/GL,0.03198771687142588
97,DL/DF,0.0317924720592549
98,EH/CB,0.03138348263855143
99,CS/DA,0.031191764106172387
100,BC/GL,0.031135809920525413
101,CW/GL,0.03085271858474089
102,EH/BZ,0.030525225723750334
103,FD/CB,0.03046850509662064
104,AZ/GL,0.030177014127853716
105,FE/DH,0.029942645673751725
106,CC/EB,0.029620906510481604
107,AZ/DA,0.02961157657855701
108,FD/EU,0.02947228074352855
109,DI/GE,0.02944431830969929
110,BN/CC,0.02944412649924131
111,DL/BC,0.02932037008990631
112,CF/GL,0.02914507382354961
113,EP/DE,0.02913030103491271
114,AR/DA,0.02908906681033166
115,EG/GL,0.028628438257633455
116,CD/DH,0.028553644861063994
117,DU/BR,0.028544430196901588
118,CS/DF,0.02851740720065407
119,DL/GL,0.027952184913337903
120,DN/BC,0.027883795114688234
121,BP/GL,0.027779169660420922
122,FI/BC,0.027689406414491656
123,AX/GL,0.027639165546075033
124,DU/CH,0.027600746927679068
125,AZ/DE,0.027330698428292187
126,CU/EB,0.02718507821794186
127,CH/GL,0.027093805501269684
128,EB/CS,0.027083103757122765
129,AB/CH,0.026999476270796186
130,CD/EE,0.02693308986267852
131,CU/DE,0.026833668388283424
132,AB/CS,0.026797570141996352
133,AX/CC,0.026787311403621866
134,DU/DA,0.02673694500640242
135,AH/EE,0.02652487927010838
136,CS/EB,0.026504822444772556
137,GB/DE,0.026399462870997925
138,FI/DF,0.0262675435985931
139,FE/DL,0.02613195186080855
140,GH/CC,0.026072393599142228
141,FD/GL,0.02586437272764507
142,DA/BP,0.025859826673906225
143,DL/AR,0.025787737874703544
144,DU/CW,0.025786563043134716
145,EH/DN,0.02571225419103656
146,CC/AR,0.025542910057555768
147,EH/GE,0.025527514018903505
148,EJ/DE,0.025211050627678505
149,EJ/CC,0.025113315765158697
150,DH/AR,0.024941452909859364
151,BC/BP,0.024826635373508387
152,GB/GL,0.024656361750794484
153,EE/BC,0.02450679635108388
154,AB/CR,0.024432257365645443
155,BP/DH,0.02442279947393714
156,DU/AB,0.024398376176460346
157,GB/EE,0.024346327469162904
158,EE/GL,0.024305302854496204
159,BP/DL,0.02418767888334113
160,BD/EE,0.02411037485012687
161,DY/CC,0.02407926164803969
162,FI/AR,0.024047829622648297
163,AR/CL,0.024037378092257138
164,GB/DA,0.024011711674084488
165,CR/EB,0.02397888795179947
166,DN/CC,0.0239774648970155
167,GH/EE,0.023912203224159857
168,EJ/EE,0.02387506466270066
169,GI/GL,0.023808602731272555
170,AR/CB,0.023800786059707084
171,GI/CU,0.023381836261311933
172,GI/DE,0.022903499697958997
173,BD/CC,0.022752024552836356
174,AR/AH,0.022738590594240868
175,DH/EB,0.02269375982342898
176,EL/CC,0.02253443180200401
177,FI/DE,0.021651344544152726
178,FE/AY,0.021387123337442707
179,DI/DE,0.021381506382559035
180,FL/EE,0.02131419267134655
181,GE/GL,0.0211035675245902
182,FL/FS,0.020986350113268805
183,CU/AR,0.020974701865324998
184,DV/EE,0.02077362055866748
185,CU/BC,0.02076868422850609
186,AR/GL,0.02066183558480096
187,GH/EU,0.020412744931318547
188,GH/BC,0.02036703562495073
189,CD/FI,0.02035896811038025
190,DF/EE,0.020344104004875505
191,CR/BN,0.020263530476238946
192,GH/DF,0.020220843657580714
193,EL/CB,0.020200076242049145
194,EH/DF,0.020199379439115726
195,AB/DA,0.020130528353601587
196,DI/CU,0.020093509222417538
197,FL/AX,0.019992934775086547
198,GB/CC,0.01990686009330154
199,EU/GL,0.019867876689160402
200,EE/FR,0.01977488032963104
201,CH/BC,0.01951512115082498
202,AH/DA,0.01937295462005867
203,BC/GB,0.019346216430601804
204,DI/EE,0.01934611000579478
205,DE/FR,0.019228890283766682
206,EP/AR,0.019184801820888726
207,GI/EJ,0.019066832237531375
208,FI/CD,0.019051695786447775
209,AF/DE,0.0188625636997036
210,DH/BC,0.01880811053177256
211,DU/GB,0.018749471151082997
212,EE/EB,0.01872976474842704
213,DY/DA,0.0186486409516419
214,AF/GE,0.018463087317521096
215,FE/EJ,0.018409928839513506
216,BN/DH,0.01837176025989204
217,AM/CR,0.018199550542542582
218,EH/AZ,0.018016781481503895
219,DU/DY,0.017776193189981998
220,EB/EE,0.017692283480802602
221,CD/DL,0.017584685893369922
222,BP/CC,0.017374019798619317
223,CL/EE,0.017372087432354674
224,FL/AZ,0.0173112925353869
225,DN/EU,0.01727372907014647
226,AR/GE,0.01724172700803532
227,BP/EE,0.017213150848128102
228,DF/CB,0.017190321699891195
229,DY/EE,0.017174247693414968
230,EE/BP,0.01714683755696571
231,GI/GE,0.016999699919227625
232,BQ/CC,0.016969867632401187
233,GI/CC,0.016949629000246803
234,CC/BZ,0.016944155081982326
235,CS/EU,0.016926808377859058
236,GL/DF,0.016869146039406917
237,GI/DA,0.01666195755574703
238,DH/BN,0.016376956727557665
239,CH/EU,0.016225205000243437
240,DU/EU,0.016223325185895254
241,EP/DA,0.016127698089917167
242,DU/GH,0.016124126347070736
243,CS/BC,0.015988497190389
244,CH/DA,0.01572787905990479
245,FL/FC,0.015598736548701635
246,AM/CB,0.015568445841308669
247,FD/GI,0.015452884264075126
248,DN/EB,0.015394941367498693
249,FD/BZ,0.015361813844202727
250,CC/EU,0.015191203322908605
251,CR/CD,0.01513336400157509
252,DA/BN,0.015101655621224966
253,EP/EU,0.0148898728664003
254,CC/DE,0.014784966667628033
255,DF/GL,0.014732723409044806
256,EH/EB,0.014725680559715106
257,DA/BC,0.01468439238463231
258,DH/DI,0.014537945531562041
259,DV/EU,0.014520590810328964
260,CF/DE,0.014475041822056774
261,CR/AR,0.014411859647041898
262,AZ/DF,0.014289018999631514
263,FI/BZ,0.014151722768395684
264,FI/EU,0.014028193399668844
265,EL/EJ,0.013969043024959405
266,CH/DF,0.013889744014622295
267,EE/DF,0.013874410539004144
268,FE/FI,0.013809818809029283
269,EJ/FI,0.01373799295950479
270,DV/DF,0.013535681646922232
271,FE/CB,0.013524485103035971
272,FD/GE,0.013454050222220744
273,AR/CW,0.01344272250303922
274,DE/EB,0.013438924470358604
275,GE/DF,0.013417982689289773
276,EH/CW,0.0133157424291123
277,EH/CD,0.013308183906632423
278,CW/DF,0.013154978373087722
279,CD/GL,0.01314654635232771
280,DF/DE,0.013126064031283503
281,AZ/EE,0.01299596937288032
282,FE/CC,0.012883185168894334
283,AY/BC,0.01287791733800838
284,AY/GL,0.012859855398145834
285,CR/BP,0.01270475293203286
286,DU/FS,0.01253270033452622
287,BQ/CR,0.012512324909796493
288,CL/EU,0.012368461929781555
289,FL/FI,0.012353486891781444
290,BN/GL,0.012335667359583212
291,DU/CR,0.012244545068282306
292,FD/AZ,0.012173996634998418
293,CR/DF,0.012105640146665812
294,EB/DV,0.01210555882865473
295,DF/CS,0.012095644640269292
296,DI/FI,0.0120811449117538
297,AH/AY,0.012011817542079056
298,AF/EE,0.011891254730617334
299,AM/CH,0.011829820413493432
300,CW/EU,0.011818905172284361
301,CC/BP,0.011742746860613242
302,AZ/EU,0.01169254728383771
303,CU/EU,0.011650073653678051
304,DE/BP,0.011613959026932307
305,FD/DN,0.011502986953870212
306,EB/GE,0.011502155567458927
307,BC/EB,0.011501141367928604
308,BQ/DN,0.0114757491607059
309,CS/AR,0.011461616566864105
310,AZ/CC,0.011434675800064784
311,FI/FR,0.011389368774522485
312,CH/EB,0.01135791915150543
313,AH/EP,0.011269300728972968
314,GL/EU,0.011250940857306475
315,GI/CB,0.011077365220604285
316,EE/AR,0.011049522514765594
317,DH/DV,0.010936248431199225
318,CW/EB,0.010899783419918496
319,GF/AR,0.010887389787278465
320,EL/DF,0.010882101377107437
321,AZ/EB,0.010864921015520057
322,DN/EE,0.010799096124633745
323,EB/CC,0.01079352388110414
324,AH/EU,0.010721655006756148
325,DU/FD,0.010715010567754785
326,DA/DV,0.010694897274204411
327,DL/BP,0.010687451785629253
328,DV/AY,0.010649939776183979
329,AM/DA,0.010565691552268476
330,CC/CL,0.010331729000556174
331,FS/GL,0.01016353641287089
332,GE/EB,0.010161252330073086
333,BZ/EP,0.010059249232905335
334,CL/DA,0.010007637948243268
335,DE/DF,0.010002716973499064
336,DE/FD,0.009987438806381168
337,FD/CW,0.009812238717856168
338,DV/BC,0.009758598546319136
339,BZ/GL,0.009673029538429656
340,EH/EL,0.009655833332615833
341,BD/BC,0.009634447940881051
342,DE/BC,0.009631210972726435
343,FD/FS,0.009607115892002891
344,BZ/CC,0.009566451140500401
345,DI/DH,0.009537125327714072
346,BC/EP,0.009361416927950512
347,CF/CU,0.009241111484640694
348,FD/DF,0.009222638741304204
349,EH/FR,0.009191484279811063
350,BP/FI,0.00913939012884488
351,EL/EU,0.009138252965611117
352,DE/GB,0.009093443866192246
353,CR/DI,0.009063044876047116
354,CC/DA,0.009023800280375069
355,AZ/BC,0.008892611006624605
356,DA/FR,0.00885911895462392
357,EH/BC,0.008761727602321516
358,CB/GL,0.008761635338599727
359,GE/EU,0.008748162113747085
360,DV/EP,0.00874777805504488
361,DU/EB,0.00873867525037239
362,AR/AZ,0.008670377109098026
363,CW/DE,0.008645664467711183
364,DA/GL,0.008635075097754949
365,EH/CH,0.00860550323871423
366,GH/EB,0.008596816393390522
367,AX/BC,0.008596332151099721
368,AH/CB,0.00852198410909187
369,BC/AR,0.00848985217894136
370,CC/AH,0.008478417182526073
371,BZ/FS,0.008424766772851507
372,AR/CU,0.00837469508760906
373,EB/CB,0.008295422178544239
374,EB/CU,0.008025131286903273
375,FL/GH,0.007941246666083875
376,EH/GB,0.00786956617148779
377,DE/BD,0.007836165376140559
378,AH/CW,0.007825584319199438
379,DU/FI,0.0077171204350585665
380,GL/EB,0.007715660579391584
381,CW/AR,0.007696723522631807
382,GI/DL,0.0076672021725029404
383,BC/EG,0.007662719696036137
384,EB/AH,0.007659401000315228
385,EB/DH,0.007627421390476369
386,EB/CW,0.007597641788473397
387,DF/CH,0.007545517439753831
388,EH/BP,0.007511022556217481
389,BC/DN,0.007492958868059216
390,CW/BC,0.007475663288059341
391,EE/EU,0.007440581931467693
392,AR/DF,0.007426789583605993
393,DY/FI,0.007385565648044129
394,BC/GE,0.007260382422290511
395,FD/EL,0.007239560973819181
396,BC/CS,0.00719170484169189
397,EL/GE,0.007190372428316798
398,DL/BN,0.00718417807310473
399,DE/AR,0.007180518285372677
400,BQ/CB,0.007154770861736076
401,AH/CS,0.0071543996594603575
402,AR/BR,0.0071427507785975786
403,EL/CU,0.007044220366695655
404,GF/GB,0.006951523022044718
405,CR/BC,0.0069284333342949644
406,EJ/DA,0.006841455822322318
407,EE/CL,0.006779927039484362
408,CH/CC,0.006766221466943488
409,DF/GB,0.006761896744717186
410,DL/CL,0.006758271912617922
411,DA/AR,0.006742238258380086
412,DL/DV,0.006741905288471829
413,FD/EB,0.006713446326552037
414,AR/FI,0.00670055616454502
415,AR/CH,0.00666410716911311
416,DL/DE,0.006611407880108021
417,EE/DV,0.006594313618186912
418,EH/FI,0.0065682810011916185
419,FI/BP,0.006480895075336987
420,DN/CB,0.006466137612193088
421,CL/BC,0.006457376848788492
422,DV/CB,0.006442770538685909
423,BC/FC,0.006425313974960201
424,GL/FC,0.006345075395113373
425,EB/FI,0.006263741247884966
426,EJ/EP,0.006248131486766631
427,FD/BC,0.006177141014109037
428,BC/DL,0.00609762147343192
429,EP/CL,0.006048195501650827
430,BP/EP,0.005982178029090544
431,CR/DV,0.005945853684380234
432,DF/AZ,0.005937779110144067
433,EB/CL,0.005934696348766822
434,EH/GH,0.005898530284153464
435,DL/BZ,0.005871527812538024
436,DU/CD,0.005855810252118843
437,EH/EG,0.005797187692475843
438,GL/AR,0.005750998569956643
439,DA/CL,0.005726437202236638
440,EH/GI,0.005723142462997315
441,AM/CS,0.005707698808403612
442,DN/AR,0.005621051290511939
443,EJ/DN,0.005583039966492783
444,EJ/CR,0.005534572226943861
445,GL/CD,0.0055253276143924016
446,BD/DN,0.005493068223782569
447,EH/EU,0.005487085799287132
448,BC/CL,0.005469006483351718
449,BC/CU,0.005440574843968073
450,BC/CH,0.005378207264553306
451,GF/FR,0.005369374327284675
452,GI/FI,0.005324927391224872
453,FD/CF,0.005288745281720849
454,AB/CC,0.005275356268458584
455,EH/AR,0.005255625268782475
456,FL/DE,0.005246092259527595
457,FE/GE,0.005238208752382921
458,EG/EU,0.00520234879978659
459,BZ/CS,0.005184492413143513
460,AH/GL,0.00518228625097668
461,AH/DV,0.005172881004251269
462,GI/EE,0.005101801387174927
463,BZ/FC,0.005071135348375539
464,BC/AZ,0.005064150661110631
465,EJ/GE,0.005033373317295671
466,FC/FS,0.004999725539151174
467,CU/CL,0.004967056117626241
468,AX/FI,0.004958254633763599
469,GF/CL,0.0049523130008169505
470,BZ/AH,0.004943811504534603
471,CW/CL,0.00492672532775981
472,AB/FI,0.004891509148389719
473,DN/DY,0.004867823954882796
474,BP/CU,0.004852271407751862
475,FE/CU,0.004832760753000806
476,AR/CC,0.004801806182488712
477,CC/DY,0.00473974746510585
478,CL/CB,0.00473520642783458
479,DY/EU,0.004734790289068662
480,GH/DH,0.004723500161893976
481,GE/AR,0.004711248025864283
482,EG/DE,0.004706412462985515
483,BN/EE,0.004672527626991808
484,FS/CB,0.0046608401178007425
485,DE/CL,0.004585416980758313
486,CU/BZ,0.004579327996764018
487,DN/CL,0.004506598382544687
488,CC/EE,0.004410329149605947
489,CH/EE,0.004391104676755953
490,FI/CL,0.004380835084371596
491,AB/BD,0.004376222932532203
492,DV/CC,0.004360325827389397
493,EP/BZ,0.004303512345529935
494,GL/AX,0.004284696829176074
495,FD/EG,0.004263650681965148
496,EP/DV,0.004211475864424527
497,FI/AX,0.004202417563861825
498,FD/FR,0.0041260807402292675
499,DE/CB,0.004106584623625755
500,BQ/EP,0.0040722429310395825
501,GF/CH,0.00405414071484193
502,GL/BZ,0.004046647561374619
503,AH/DF,0.004023080790815463
504,CR/CL,0.0039923428864384325
505,EL/EP,0.003982245101237306
506,GF/AZ,0.00397840792544386
507,BR/CU,0.003952152204239551
508,FL/GE,0.0039021676957783427
509,CU/DV,0.0037968855091686533
510,AR/EU,0.0037818928356240736
511,BZ/AR,0.003780407567043941
512,GI/DN,0.0037705066684033863
513,CS/DY,0.00374216609694191
514,DV/GE,0.0037300036181046976
515,DF/FC,0.0036735840377229477
516,BC/AX,0.003659087160205892
517,GB/AY,0.003642697845139246
518,FC/EU,0.00363888156721217
519,GI/AY,0.003632137977448314
520,EH/CS,0.0036294336780387446
521,DI/AY,0.003621604099365225
522,DU/EP,0.003600578298933399
523,FI/DV,0.0035849554954716315
524,DU/GL,0.0035335635190121284
525,FD/CH,0.0035239412479960985
526,GI/EP,0.003507001681768202
527,EL/CW,0.0034803216426482486
528,GL/CH,0.0034262219406183698
529,EH/FS,0.003400541685371433
530,DY/EP,0.003375888551119556
531,EE/FD,0.0033530035572058615
532,CW/DY,0.00334197357283562
533,CC/EL,0.003330711405761357
534,CC/DV,0.0032803923149362204
535,EG/DF,0.0032783894033529565
536,DA/DF,0.003259021769211029
537,DY/AY,0.0032379274959698206
538,CS/CL,0.003232173540800515
539,FD/GB,0.0032052686802500896
540,DN/CH,0.0031426028441251725
541,GF/GL,0.0031412609047378887
542,DY/GE,0.0031194155321894535
543,AX/DH,0.003114582908679636
544,AX/EU,0.0031096265487797568
545,EP/DY,0.003099747267627318
546,BP/AY,0.003081524901428944
547,BD/EP,0.0030610678905030365
548,EH/DA,0.003059589889063387
549,DV/DY,0.003032280988389254
550,EB/DN,0.0030084448667107083
551,CH/DY,0.0029609595436445027
552,EJ/FC,0.0029509929927540226
553,GB/CW,0.002946620786467781
554,CD/DN,0.0029437598151656683
555,EH/DL,0.002943392496599237
556,CS/DV,0.002933873221052527
557,AY/CW,0.0028964101858466405
558,CF/DN,0.0028714122454991716
559,BC/FS,0.0028369769213306764
560,CL/AH,0.0028305325792697235
561,CL/AY,0.0028255371667179584
562,DV/AH,0.0028209221777239293
563,DE/DV,0.0028083788276118994
564,DH/GL,0.0027959820237269464
565,FI/GB,0.0027763552235834394
566,GE/EL,0.002741476683583515
567,CU/DA,0.002729914686232064
568,GL/EG,0.0027098235343071698
569,AZ/CB,0.0026965623808792314
570,BP/CW,0.0026821672464429624
571,AZ/DY,0.002626619185184441
572,FR/CW,0.0025813182045659033
573,GB/EP,0.0025698151905464454
574,GE/CH,0.0025517003849727347
575,AH/CL,0.00254278932402248
576,CU/DY,0.0025348695584479705
577,CH/CB,0.0025124664848753917
578,EJ/AY,0.002485039723801024
579,FD/AR,0.002479932419562094
580,AY/CB,0.0024728221700699334
581,AZ/DN,0.0024589842028752387
582,DU/GE,0.002446791679775809
583,DF/AR,0.002446601503952395
584,CB/EU,0.002414617578800234
585,DV/CS,0.00239287920156688
586,CW/DV,0.0023921354686909117
587,BR/CC,0.0023852642752480255
588,BC/CD,0.0023791683238286315
589,GL/BC,0.002375050583162265
590,GH/DY,0.002345198919968012
591,CL/FS,0.0023328290802239584
592,GL/AH,0.002324550023180239
593,AH/CC,0.0022764757764159142
594,CL/CS,0.0022688693395776028
595,FD/FI,0.0022672873493651546
596,FD/GH,0.0022584391066035464
597,DH/CL,0.002246731492005001
598,BC/DF,0.002238107285749094
599,GL/EL,0.0022252899775969132
600,GB/FI,0.0022182341090599862
601,FL/AH,0.0021870460157669344
602,GI/BR,0.002184469797652808
603,BZ/CU,0.0021722655293250764
604,AH/FI,0.0021662978004637484
605,FL/DH,0.0021559383436398002
606,CC/FC,0.002145691180665309
607,EE/BZ,0.002145531152517057
608,CS/BP,0.0021251261049771535
609,FL/BD,0.002087223569000582
610,FR/GL,0.0020682344984713514
611,EE/GB,0.002043583767662765
612,GE/FC,0.002005250309751157
613,GH/AR,0.001948875014247258
614,EH/EE,0.0019439995965499501
615,CH/AB,0.0019364388964851625
616,AX/CB,0.001927603469804695
617,DL/FR,0.0019002705669634232
618,EL/CS,0.0018590841781539417
619,GF/FC,0.0018092023523336824
620,CS/EE,0.0018042007097733084
621,AH/GE,0.0018001414204025486
622,CC/CH,0.001797794939810104
623,BZ/DN,0.0017908318895241606
624,GE/DV,0.0017561685020668107
625,DN/EL,0.0017532632588520515
626,FI/DY,0.0017506660476847447
627,GB/DN,0.001732787133196692
628,CL/EP,0.0017217722782679563
629,CL/DV,0.001705175882938518
630,DF/GE,0.0017039195785943338
631,EE/BD,0.0017012575583018226
632,AR/DN,0.0016995238715211145
633,AR/BZ,0.0016653108089551161
634,DI/EP,0.0016617939623923689
635,DU/CS,0.0016371531659824523
636,FL/DL,0.001619150332470072
637,BZ/CL,0.0015910842242524443
638,GI/CS,0.001538385669338324
639,EP/AH,0.0015139615683882881
640,GH/FS,0.0015129257769625377
641,AX/AY,0.00151143951044185
642,CD/CU,0.0014771030867787999
643,EJ/AH,0.0014663362815261604
644,EP/FC,0.0014361192573754521
645,BR/FS,0.0014344769333911583
646,EG/CH,0.0014186365697614368
647,FI/BD,0.001416216542530607
648,DV/DN,0.001407831476363071
649,EG/CL,0.001365578012467479
650,CF/DL,0.0013586180668975698
651,FD/CS,0.00135697623176494
652,CL/DY,0.0013540032803089396
653,EU/DF,0.001348181325586519
654,CL/CH,0.0013307621616420815
655,BR/AZ,0.0013219428796028554
656,EL/AY,0.0013183500256019054
657,CW/FR,0.0013087526648760603
658,AM/DL,0.0012832170145925317
659,CL/AZ,0.001256997964291212
660,FR/AZ,0.0012518284906636607
661,DE/BZ,0.0012183834387447107
662,FE/EP,0.0012101318637693786
663,CU/GH,0.0011311539148333456
664,GF/DF,0.0011232313728629754
665,CR/BZ,0.0010897515330536359
666,AX/GE,0.0010807494819074503
667,GE/CL,0.0010714350626960158
668,GE/GH,0.001064375611922656
669,EL/AZ,0.0010442958735090973
670,EH/DY,0.0010421508254510603
671,AY/EP,0.0010407951909895078
672,EB/CH,0.0010332818010877565
673,CH/FS,0.0010291012830794014
674,FS/CW,0.0010226318085105853
675,DN/DV,0.0010185628874603448
676,CB/CH,0.0010074492752711595
677,EL/DY,0.0010050269445190914
678,AH/DY,0.0010008248761532888
679,DN/FC,0.0009956052439336986
680,AR/FS,0.0009921455537948163
681,CC/GB,0.0009735186135545982
682,CS/CC,0.0009496846713997567
683,GL/CL,0.0009294089707278016
684,AB/DH,0.0009275983033590063
685,CL/GE,0.0009210584382803042
686,DV/AZ,0.0009138252665534395
687,CH/EP,0.0008812753548606547
688,CD/EP,0.00085423651746536
689,DN/EG,0.0008539919172591211
690,DH/BP,0.0008320389171210807
691,GB/EB,0.0008291124973079005
692,AH/FS,0.0008171482918513211
693,FL/CC,0.0007787090742408034
694,GF/EB,0.0007754179131641385
695,AY/CS,0.0007596299757573928
696,CB/AZ,0.0007423665452262112
697,DE/FC,0.0007321602431449858
698,DY/CS,0.0007102177918212344
699,GH/CB,0.0007054813031737658
700,AX/EP,0.0006986418774403737
701,EG/FC,0.0006835395518575303
702,CD/AY,0.0006772596269033829
703,EG/DV,0.000675473517758064
704,GH/DN,0.0006592595506878902
705,AZ/CH,0.0006493508957680599
706,DU/DF,0.0006383011950334833
707,GI/GH,0.0006307119716985991
708,FC/CC,0.0006253604096792425
709,CW/EL,0.0006209825356910392
710,AZ/FS,0.0006171919613099071
711,BD/CS,0.0006168903257489453
712,BQ/DV,0.0006102311641143637
713,BD/EJ,0.0006092803697168633
714,DF/EG,0.0006048692163655323
715,DN/GH,0.0005949505743495598
716,BR/AR,0.0005739007100251537
717,AY/AH,0.0005643606073155805
718,FI/EL,0.0005518869540662025
719,GF/AX,0.0005412285189366275
720,DU/BN,0.0005361088576465861
721,CW/GI,0.0005324619768604412
722,DF/EP,0.0005235981125026887
723,DV/CW,0.0005060831692726853
724,BR/DN,0.0004963563864627887
725,GE/CS,0.00045010192005547674
726,AX/CW,0.0004384361645808285
727,AZ/AR,0.0004372988820043706
728,CL/DN,0.00042216318816981944
729,AY/CC,0.0004035578322519103
730,AY/CL,0.00039775088212298283
731,CS/FC,0.00039168635266603703
732,BD/EU,0.0003822137958083907
733,AF/EP,0.00037914063055143055
734,EU/AZ,0.0003749563118930219
735,CH/AR,0.0003709668723029672
736,CR/FR,0.00036911908798677173
737,CC/GH,0.00036557086400191554
738,GH/CH,0.0003602011832921407
739,FR/BZ,0.00035265833147307517
740,AY/DV,0.0003336922509046582
741,CB/EG,0.0003131443417603904
742,BR/GH,0.0002900540206404959
743,DV/FS,0.0002810672376162062
744,EP/FR,0.00027306267025332953
745,GE/AH,0.00027262930381733927
746,AH/CU,0.0002682726078311612
747,AR/DY,0.00026175172097658416
748,DY/AH,0.00025595454738595955
749,CF/CC,0.00024841616258228054
750,FS/AZ,0.00024108580844798002
751,DL/DA,0.00023756174564674992
752,CB/DY,0.00023598887979141107
753,AH/CH,0.00022853793977860607
754,AY/FC,0.00022243989710007267
755,FR/EP,0.00021644594723004007
756,BZ/GE,0.00020181018065181834
757,EP/CH,0.00020119762930634506
758,AZ/FC,0.0001747905018998758
759,AZ/CL,0.00017422993933369636
760,EU/DV,0.00017156209931811785
761,BZ/AY,0.00015424997459860014
762,DF/GH,0.0001512330286389755
763,AY/FS,0.00014936613767347912
764,CD/GE,0.00014261541034393116
765,CF/AY,0.00012447950712908204
766,FC/CL,0.00011210717750434777
767,AH/DN,0.00010240735876658772
768,FR/DN,0.00010189159130015966
769,FR/BR,0.00010017676259115559
770,AY/DN,9.882602284857957e-05
771,EH/AH,9.297150803019155e-05
772,EU/CL,9.159596033437418e-05
773,DI/CS,9.118963027029969e-05
774,FS/DN,8.514533984163636e-05
775,EL/DN,7.499430197270302e-05
776,CB/CL,7.121563915626282e-05
777,CB/DV,7.071794901825207e-05
778,CH/CW,6.567988884123317e-05
779,GF/GH,6.499694033416242e-05
780,FD/AH,6.329506061346704e-05
781,EG/GH,5.702127999558594e-05
782,DN/FS,5.1567317161481935e-05
783,FD/EJ,4.9842150938981394e-05
784,FR/FD,4.983835400398928e-05
785,FL/EJ,4.179316387343396e-05
786,DV/CH,3.797254605113857e-05
787,CB/FC,2.8285463598423178e-05
788,EH/EJ,2.1158248369207433e-05
789,CB/GH,1.87866103202657e-05
790,EG/AZ,1.321471343107138e-05
791,DU/EJ,8.811039158465594e-06
792,EU/EG,5.577637192572243e-06
793,GF/DV,-2.0929200921990243e-07
794,CR/AB,-1.5430964648149859e-06
795,BR/GE,-4.560320139823312e-06
796,EU/FS,-1.3417068432977543e-05
797,CH/DN,-1.4525458536047566e-05
798,FS/CH,-1.6333270044919546e-05
799,GH/EG,-2.1819854107947524e-05
800,GH/EL,-2.927706720525728e-05
801,GB/EU,-3.946067455867352e-05
802,CH/CL,-5.6157158892142185e-05
803,GH/CL,-6.698318667498412e-05
804,CC/AZ,-6.99061275377692e-05
805,FC/CS,-7.49481541577131e-05
806,AZ/EG,-8.820702013917785e-05
807,EU/CH,-8.946803851008953e-05
808,FR/CU,-9.19330186016764e-05
809,FI/EE,-9.626266067698508e-05
810,CH/CS,-9.866221243059851e-05
811,CU/CH,-9.890243166257168e-05
812,CH/EG,-0.00012128858074509681
813,FC/DV,-0.00012867051823883704
814,EJ/AX,-0.00013143048361917951
815,DH/AB,-0.00013906931871078554
816,FR/CS,-0.00014233659277451335
817,CC/CS,-0.00014763595021712386
818,DN/AZ,-0.00015627954151689014
819,CB/DN,-0.00016035416987004856
820,FR/AR,-0.00016763301711494524
821,CL/CC,-0.00017538016448422457
822,AZ/DV,-0.00018114042743677943
823,CH/AZ,-0.00018263768331200432
824,AX/EJ,-0.00018364655298073844
825,AR/FC,-0.00019448186690349152
826,EG/DN,-0.00019624580547760302
827,FD/AY,-0.00019757857566762502
828,EU/GH,-0.00019830761868559776
829,BZ/DV,-0.00020386147139783012
830,FC/CW,-0.00021259113476972645
831,CB/FS,-0.0002126291069009146
832,DV/CL,-0.0002130555881737715
833,BZ/DF,-0.00021412473207633315
834,EU/FC,-0.00021660189674038862
835,EJ/EG,-0.00021974652824160654
836,GF/BZ,-0.00022845640829944128
837,CH/DV,-0.00023197335992908923
838,BC/GF,-0.00023244170495366825
839,FS/DV,-0.00023784008420092064
840,GF/AH,-0.00024938029646308715
841,BR/DV,-0.0002505323785242609
842,BR/CH,-0.00026852188182778774
843,DY/EJ,-0.00027074145484217056
844,FS/CL,-0.00027238591622865066
845,EU/DN,-0.00027288925773586445
846,GE/AZ,-0.000294803725104595
847,EG/FS,-0.00029537338602764077
848,FI/CC,-0.00029630636467310213
849,GL/DV,-0.0003158087990279123
850,GB/CS,-0.0003417116582247557
851,DY/DF,-0.00035710772873219065
852,AY/CU,-0.0003692152701973419
853,AY/GE,-0.00037435799540439917
854,FR/DV,-0.00038584603755184577
855,CH/GH,-0.00038853268781673935
856,CL/EG,-0.0003932008618075287
857,BR/CB,-0.0003956084727412962
858,CS/EG,-0.00039823060695093945
859,EU/AH,-0.0004088726123795334
860,CW/EG,-0.0004162207388450738
861,AY/BR,-0.0004183545558553844
862,FD/DV,-0.00041913537834191786
863,BC/DV,-0.00042378750818211283
864,BQ/GE,-0.00042493435468535234
865,AF/FI,-0.00044776452765514507
866,DY/GH,-0.00045321943709747577
867,GE/BZ,-0.0004542781537209342
868,CF/EP,-0.00045737265578668987
869,BZ/CH,-0.00046911420824160416
870,AM/EP,-0.0004765511393412386
871,CU/FR,-0.0005012586455270113
872,GE/AX,-0.0005053740209867569
873,FS/EG,-0.0005100607758607466
874,FC/DN,-0.0005115202146513385
875,EE/EG,-0.0005169904077916045
876,DE/CS,-0.0005233991392298611
877,EE/CB,-0.0005365443224502504
878,DF/AH,-0.0005577425016932707
879,FC/CH,-0.0005599613841531276
880,GF/EU,-0.0005827506066220754
881,FC/CB,-0.0005839681665672325
882,GL/AZ,-0.0005929385658661589
883,EG/CB,-0.0005950182018658544
884,FR/AY,-0.0005990807479982711
885,FD/EP,-0.0006032037441223194
886,GF/EG,-0.0006044219058927193
887,DV/EG,-0.0006049062218585801
888,AX/CU,-0.0006401591131005475
889,CH/FC,-0.0006626876327350922
890,EU/CS,-0.0006666220972044103
891,BP/BD,-0.0006757486690399696
892,CW/GH,-0.0006761126814946675
893,CW/CH,-0.0006852684104681822
894,EG/EB,-0.0006960777139972353
895,BD/FI,-0.0007091296050365202
896,CS/CH,-0.000710996043346026
897,CR/GL,-0.000713270232766447
898,FD/EE,-0.0007360627906408505
899,DI/CB,-0.0007395753892206064
900,GH/EP,-0.000749424075447958
901,FR/CL,-0.0007515097677996772
902,FR/AH,-0.0007562638999325209
903,CU/GB,-0.0007740043224470474
904,GH/FC,-0.0008020279051435726
905,DF/FS,-0.0008089439937453841
906,AY/DF,-0.0008126115410268357
907,BC/EE,-0.0008279106674885482
908,GL/GH,-0.0008323786679168849
909,CL/FC,-0.0008387326288777422
910,DU/EE,-0.0008488635384104326
911,DE/EU,-0.0008541484820021646
912,FL/EP,-0.0008608615551791848
913,EU/CB,-0.0008647483793154269
914,DL/CD,-0.0008669888044101799
915,GB/EJ,-0.0008672353835475488
916,FC/AZ,-0.0008766426551063344
917,FR/FI,-0.0009121969218145454
918,BR/CL,-0.0009127389252804076
919,FC/AH,-0.0009189291548507528
920,EL/DH,-0.000929259339455174
921,FR/CH,-0.0009392617044722447
922,EH/AY,-0.0009474819086428277
923,GL/EP,-0.0009485612644812708
924,FS/FC,-0.0009550140345552098
925,FC/EG,-0.0009561696042557011
926,DV/FC,-0.0009686096004818166
927,DU/DL,-0.000974162690240532
928,BR/FI,-0.00097472635531844
929,AZ/GH,-0.0010054857963624159
930,BR/FC,-0.0010144339141089174
931,CU/CC,-0.0010211773936397934
932,AY/CH,-0.0010334710437083262
933,BR/GI,-0.0010402550235854187
934,AR/EG,-0.0010418612427786711
935,BR/EP,-0.0010445034180494714
936,FR/DF,-0.0010465291549951374
937,EG/AH,-0.001053894671250507
938,FR/AX,-0.0010543663322303363
939,CH/AY,-0.0010615672904519466
940,GI/DF,-0.0010629125893568793
941,CS/GH,-0.0010638660080556422
942,AB/DV,-0.0010699640461275112
943,GH/EJ,-0.0010788287753226867
944,EG/DY,-0.0010810168458385643
945,AY/AR,-0.0010916422292442428
946,GH/AZ,-0.0010991637034037426
947,AB/EP,-0.0011025789133351227
948,FC/GH,-0.0011091411070838471
949,EG/CC,-0.0011094728062072787
950,FS/EU,-0.0011099594374535653
951,CC/EG,-0.0011113063105658773
952,DV/GH,-0.0011150225616193292
953,FS/GH,-0.001116355820188373
954,EG/GI,-0.0011214977816503234
955,AH/AZ,-0.001124553977573603
956,GH/DV,-0.0011247409822608373
957,CL/GH,-0.0011248571525123731
958,FD/CL,-0.0011266815868040854
959,EH/EP,-0.0011316581406658165
960,AZ/CS,-0.0011485986642451782
961,EG/AR,-0.0011515231871594292
962,AY/EG,-0.001152139669950575
963,CS/AH,-0.0011537822297455454
964,FR/EJ,-0.001158072193110881
965,AY/AZ,-0.0011583130763711978
966,FR/GE,-0.0011668849067713004
967,FR/GH,-0.0011685456161957593
968,FR/EG,-0.0011849527102743129
969,EE/CD,-0.0011870323299522402
970,CS/FR,-0.0011881628071604856
971,EG/EL,-0.0011892445773559186
972,DY/AZ,-0.0012214188008624382
973,DF/EU,-0.0012233876514524508
974,CC/FS,-0.0012239307720431395
975,FR/GB,-0.0012379885645425939
976,DE/CH,-0.0012408256364744262
977,BZ/EJ,-0.0012502214666639845
978,EU/CC,-0.0012577643761445662
979,EH/DV,-0.0012613370427158287
980,EP/EG,-0.0012656032123522097
981,FE/DN,-0.0012745497988388074
982,FR/FC,-0.0012786529449631198
983,BR/CW,-0.0013075780516582222
984,EB/FS,-0.0013113436664264387
985,FD/AX,-0.00131970552777122
986,DF/BR,-0.001330963031974876
987,BQ/FI,-0.0013418457776597642
988,DV/EB,-0.0013486115287192572
989,DN/AH,-0.0013743102362415347
990,DU/AX,-0.0013830275628077815
991,DF/CL,-0.0014018248271447883
992,CF/CW,-0.00140192338163749
993,FR/EL,-0.0014020925241401867
994,GE/DY,-0.0014064280928218352
995,CW/AH,-0.001407403314199071
996,GB/GE,-0.0014108936478960058
997,FR/FS,-0.0014168338763706663
998,BP/DN,-0.0014327420913623767
999,EJ/AZ,-0.001435242145493329
1000,FL/CD,-0.0014601041102772494
1001,EH/AM,-0.001475259169021824
1002,GL/GB,-0.001475622540337014
1003,CB/AH,-0.0014992674299998381
1004,AM/AY,-0.0015034410829785974
1005,BZ/AX,-0.0015071020199198901
1006,BQ/EE,-0.0015417196533261401
1007,BR/EB,-0.001546954594821624
1008,CS/CB,-0.0015678420978635075
1009,FR/CB,-0.001570340844278999
1010,GH/CS,-0.0015822675068468892
1011,GF/BD,-0.0015858571918998914
1012,DU/AR,-0.0015898468411315453
1013,DY/FS,-0.0016235796720455546
1014,BR/AH,-0.0016388552912724496
1015,FR/EB,-0.0016397899200572674
1016,DF/CW,-0.0016487718460731202
1017,FD/FC,-0.0016574966091775362
1018,DF/DN,-0.0016661901990414024
1019,FR/GI,-0.001667289329211643
1020,GH/GE,-0.001680512231478977
1021,CL/CW,-0.0016876294510306494
1022,GE/FS,-0.0017185259354711609
1023,DN/CW,-0.001718853765075204
1024,CU/AH,-0.0017246059031599875
1025,DN/AB,-0.0017293929754623044
1026,BR/CS,-0.0017425190274894913
1027,EJ/GH,-0.0017471048183690567
1028,CS/FS,-0.001773308175290334
1029,GE/FR,-0.001778190594323428
1030,DU/BZ,-0.0017784620274160223
1031,BR/GB,-0.0017887436105629975
1032,GB/AZ,-0.0017941227395430097
1033,BZ/CW,-0.0018075989356957159
1034,FE/GH,-0.0018237167706273635
1035,CF/DV,-0.0018250509908106626
1036,GE/EP,-0.0018485275945953092
1037,CS/GI,-0.0018587529814732065
1038,FR/DY,-0.0018599052950797595
1039,DF/DV,-0.0018839030137436557
1040,FS/CC,-0.0018892949149055273
1041,EL/DV,-0.0018920673371854053
1042,GH/AH,-0.0019184926571836024
1043,CW/AZ,-0.0019241482109591023
1044,CB/CS,-0.0019252630543107252
1045,CH/AH,-0.001935071547552828
1046,CB/CW,-0.0019537236416292026
1047,GB/CU,-0.001958084672423743
1048,AY/EB,-0.0019645593526257388
1049,FD/BD,-0.001966827823646088
1050,AZ/AH,-0.0019679504579461745
1051,AH/FC,-0.001978888602075163
1052,AM/DV,-0.001981446291325302
1053,AH/EG,-0.0019849380164545585
1054,BD/GE,-0.0019874331578401596
1055,AH/GH,-0.0019892824697590322
1056,FS/AH,-0.0019908924927040366
1057,GI/DY,-0.002006806594172352
1058,FD/DL,-0.0020099160580144895
1059,DV/FI,-0.0020160235716081302
1060,EG/CS,-0.002024221763369381
1061,BZ/CB,-0.002032188002073873
1062,DE/AZ,-0.0020419176500800496
1063,EP/GI,-0.002059737815184182
1064,CU/GI,-0.002059774941792436
1065,BZ/FI,-0.002073320001357305
1066,DF/AY,-0.0020755438483768965
1067,FR/EU,-0.002085724867357086
1068,AZ/EJ,-0.002089798859392333
1069,DY/DN,-0.0020938861448966638
1070,CW/FC,-0.0021176727198580843
1071,EL/FI,-0.002125501182844127
1072,CU/EL,-0.0021258917987026166
1073,CC/DN,-0.002141713159662108
1074,DY/DV,-0.002151265193355901
1075,EU/EL,-0.0021734355400622536
1076,BC/GH,-0.002177554833156521
1077,FR/CC,-0.002182559274407355
1078,GI/AH,-0.002196104858220501
1079,CS/AZ,-0.0021989857446232043
1080,DF/CC,-0.0022263553914833615
1081,CU/EG,-0.0022279403159518284
1082,CS/DN,-0.002231285732152074
1083,FS/CS,-0.0022451906214197054
1084,DN/CS,-0.0022499146194182077
1085,AY/GB,-0.002257694367958158
1086,BC/EJ,-0.002269219388921207
1087,EU/AR,-0.0022801676274276433
1088,BC/GI,-0.0022804857618964613
1089,GF/BC,-0.0022806813214784998
1090,DV/CU,-0.002285935630611007
1091,EB/DL,-0.00231660798919419
1092,CC/CB,-0.0023300721480106275
1093,FD/CC,-0.0023377780834099183
1094,DL/FD,-0.0023720732602213537
1095,GE/DN,-0.002402293693597399
1096,FD/CU,-0.002404984038709739
1097,DY/CL,-0.002418113493611201
1098,FD/BR,-0.0024252369266016174
1099,DF/FI,-0.0024381067148148564
1100,EB/EU,-0.002447475407466854
1101,CB/CC,-0.002456424189204062
1102,CC/CW,-0.002474788082348683
1103,GL/DN,-0.0024751166460633377
1104,GH/CW,-0.0024754424574082333
1105,DY/CH,-0.0024785363138498046
1106,EP/AZ,-0.0024935223959330955
1107,AZ/CW,-0.0025049186290174454
1108,CC/AX,-0.0025279545738633906
1109,BZ/EB,-0.0025281849976378553
1110,AX/DF,-0.0025333976996969694
1111,FR/BD,-0.0025417645868868795
1112,FI/CF,-0.0025484270989316916
1113,GH/BR,-0.0025551159881903396
1114,CL/CU,-0.0025563157370424817
1115,EL/AH,-0.0025603291805882
1116,BP/DV,-0.00256327562345934
1117,EP/GB,-0.0025740972147903513
1118,BR/AY,-0.0025862125516090684
1119,DN/GI,-0.0025903360337850203
1120,FC/DY,-0.0026183499751835076
1121,GI/DV,-0.0026228761557012315
1122,EP/AX,-0.00262442199053097
1123,CH/EL,-0.0026291399846049917
1124,DE/GI,-0.002630154573254547
1125,EH/BR,-0.002664481321585716
1126,CW/CC,-0.002667073717087778
1127,GF/CB,-0.0026687109303682247
1128,DU/AH,-0.0026842909040564744
1129,DI/DN,-0.002692008157845399
1130,EG/CW,-0.0027050550279537552
1131,DY/CW,-0.0027187260046911983
1132,EH/CL,-0.0027205497535915876
1133,EB/EJ,-0.0027331060858137987
1134,EH/AX,-0.0027574942208278275
1135,FR/CF,-0.0027577549346319234
1136,FI/CH,-0.0027623582964724936
1137,FS/DY,-0.002762371917090255
1138,EH/FC,-0.0027646720829462568
1139,AZ/EP,-0.0027854042535167337
1140,CW/DN,-0.0028040138825831088
1141,FI/GH,-0.002826408543537596
1142,EP/GH,-0.0028347018636085725
1143,AM/FI,-0.0028589531843458416
1144,CH/GI,-0.0028761196826598196
1145,AZ/GI,-0.0028837024231956744
1146,EB/AR,-0.0028898503741954995
1147,EP/EL,-0.0028986681307428476
1148,GF/FD,-0.0029018172839689327
1149,EL/CL,-0.0029091410386696557
1150,CS/EL,-0.0029207072253929186
1151,EU/DY,-0.002948316191714208
1152,AX/EB,-0.0029487102366788547
1153,EB/DY,-0.0029555702912733616
1154,EE/CS,-0.002964092863617599
1155,DY/CB,-0.0029794098761159646
1156,GF/DN,-0.003005658513607401
1157,CC/GI,-0.0030089048410886408
1158,CS/CW,-0.0030311116351443472
1159,CS/BZ,-0.0030320394401756306
1160,AB/AY,-0.0030352399710051187
1161,CU/FC,-0.003035608912951658
1162,GH/FI,-0.003035880447248231
1163,GE/GB,-0.003041987326006115
1164,CB/DF,-0.003042156105679875
1165,DN/GE,-0.003049506080862615
1166,DF/AX,-0.0030535954947136764
1167,GI/CL,-0.0030729840210427647
1168,FC/DE,-0.0030930626567562246
1169,BZ/EE,-0.0030965473999830743
1170,GB/GH,-0.0031184912765377356
1171,AZ/GE,-0.00312588511699824
1172,DY/FC,-0.0031283571511256892
1173,GB/DY,-0.0031574093064887327
1174,CL/FI,-0.0031590815826293564
1175,FC/EP,-0.0031605022786541422
1176,GB/BC,-0.003168712129733634
1177,AZ/EL,-0.003171447944438219
1178,CF/FI,-0.0031818526658045267
1179,EJ/CB,-0.003191912227350442
1180,GE/EG,-0.003200124782551707
1181,CL/DF,-0.003206769739699315
1182,DU/AY,-0.003209230751464079
1183,AX/DN,-0.0032141739552020822
1184,EP/CS,-0.0032194228097069183
1185,CW/CS,-0.0032243773151926338
1186,DU/DV,-0.003248034194490615
1187,GL/GF,-0.003253375834346076
1188,EP/CF,-0.0032566283681673917
1189,FS/DF,-0.003264243791297371
1190,EU/EP,-0.0032771959289619682
1191,BP/AH,-0.003341785819029816
1192,AF/CS,-0.003342233796701913
1193,GB/DV,-0.0033504817482421212
1194,EB/AZ,-0.0033677761043930934
1195,FD/DY,-0.003371012419187405
1196,DV/GI,-0.0033750317390026474
1197,CC/EP,-0.003380238680776194
1198,EU/CW,-0.0033990739452564715
1199,AB/CB,-0.003408991088063154
1200,CS/EP,-0.0034091967015913707
1201,GB/DF,-0.0034230482171800232
1202,EL/BR,-0.003455162362019493
1203,EP/BP,-0.0034895826484527617
1204,GF/GE,-0.003489951139220397
1205,FE/CR,-0.0034915138535457635
1206,FE/FR,-0.0034928010903950216
1207,EL/GH,-0.003494891341624735
1208,BC/BR,-0.0034981699281490426
1209,GI/CW,-0.0035003367526170205
1210,EJ/BR,-0.003520924230622463
1211,FC/CU,-0.003522711825601336
1212,FE/DV,-0.003523326227886807
1213,EJ/DV,-0.00354129869925497
1214,DF/DY,-0.003553766891579227
1215,CH/GE,-0.003587641784339777
1216,BR/EU,-0.0035932829474579486
1217,FL/AY,-0.003594250305107863
1218,CL/AR,-0.003596217075491395
1219,AH/EB,-0.0036057889526908624
1220,BD/CU,-0.003610277097928962
1221,DY/CU,-0.003614073712345894
1222,CB/AR,-0.003614250379884837
1223,AR/EJ,-0.0036341789016746976
1224,FE/CS,-0.0036672968806003847
1225,EP/DN,-0.003691274130582363
1226,CW/FS,-0.003698147278465889
1227,GH/FR,-0.0037002379532256255
1228,EP/FS,-0.0037090190349957338
1229,DN/BZ,-0.0037177910998157475
1230,AZ/FI,-0.0037294574369218358
1231,CW/FD,-0.0037320028923517896
1232,CU/AX,-0.003758641720444179
1233,BP/CB,-0.003762347476379213
1234,FC/AR,-0.0037931453709525525
1235,FI/GI,-0.003801677409239826
1236,GE/BC,-0.0038130823573359583
1237,CW/CB,-0.003828964254481564
1238,GH/GI,-0.0038331465713387406
1239,BZ/AZ,-0.003842138381825271
1240,DN/EP,-0.0038472383063287595
1241,DV/AR,-0.0038630608452285666
1242,BR/FR,-0.003880535881877446
1243,FS/EL,-0.003885533025960035
1244,AH/GI,-0.0038900640576866458
1245,CS/CF,-0.003893334315752407
1246,AM/BN,-0.003931116563434686
1247,DY/EG,-0.003934767046426518
1248,FC/GE,-0.003939861889292463
1249,EU/GI,-0.003954797694422069
1250,CS/GB,-0.003957795535360962
1251,CU/CS,-0.003960361447984103
1252,DE/AH,-0.003974912207711869
1253,DE/GH,-0.0039814500505819615
1254,FC/DF,-0.003985005520938985
1255,DE/EG,-0.003995271670051674
1256,FC/EL,-0.003998017308326047
1257,AH/EL,-0.004006559436038805
1258,CF/CB,-0.004011293802321524
1259,CC/CD,-0.004014954800182366
1260,AR/GH,-0.004015848630834104
1261,AH/AR,-0.004017927884389951
1262,AX/AH,-0.004032199130688498
1263,CF/CS,-0.004032369322656208
1264,EJ/CS,-0.004047648102780126
1265,EJ/FS,-0.004070815245231161
1266,DF/CU,-0.004093542594777552
1267,AY/FI,-0.004093885170704859
1268,DF/EB,-0.0041007489762015376
1269,GE/CC,-0.004110681474999626
1270,CS/AX,-0.004111875739724138
1271,GH/AY,-0.004119449034082038
1272,EP/CW,-0.004128058393334222
1273,FS/AR,-0.0041313036981449605
1274,DY/AR,-0.004143959420378109
1275,AY/AX,-0.004143966798695612
1276,DV/EL,-0.004158809331493471
1277,EL/EG,-0.004159158966033156
1278,EB/BR,-0.004171841963313043
1279,EP/CB,-0.004171964834268134
1280,DY/GI,-0.004176155802236815
1281,CB/GI,-0.004181211453599343
1282,CL/GI,-0.004194091082579673
1283,EP/CC,-0.004196548745021719
1284,AR/GI,-0.004231369748115237
1285,AX/CS,-0.004244418797196854
1286,EP/EE,-0.004246079762696453
1287,GB/DH,-0.004249307974953695
1288,DL/EU,-0.0042501111609900034
1289,GI/AZ,-0.004253616386659477
1290,BR/AX,-0.004263098231251379
1291,AR/EL,-0.0043000526006159515
1292,GB/AH,-0.004310514701176294
1293,EL/AR,-0.0043244307061558315
1294,EU/EB,-0.004330284671318609
1295,CU/EE,-0.004359798026580725
1296,AM/CL,-0.004363217252861873
1297,AY/GH,-0.004367939388298398
1298,CW/GB,-0.004370658826606167
1299,FI/AH,-0.004377237184515357
1300,GB/CB,-0.0043831191445949155
1301,BP/GE,-0.004387249678356981
1302,EG/EP,-0.0043977888569854545
1303,CL/EL,-0.004415576887974539
1304,EP/GE,-0.00448299866922502
1305,DY/EL,-0.004485582009708406
1306,AZ/CU,-0.0044862283734829035
1307,DF/BD,-0.004499968114772188
1308,EH/AB,-0.004517418200770604
1309,CB/EL,-0.004522505719941136
1310,EJ/GB,-0.004526053310057327
1311,DF/EJ,-0.00454588295947468
1312,CH/BR,-0.004553780409029729
1313,GE/AY,-0.004558852144481841
1314,BZ/GH,-0.004580486303970109
1315,CF/GE,-0.004585064214690376
1316,CW/EP,-0.004585839987844485
1317,BD/DV,-0.004594207290419792
1318,EJ/CL,-0.004619419465503553
1319,CH/FR,-0.004629252985343126
1320,GI/CH,-0.00463926887112933
1321,DU/CU,-0.004644443824039279
1322,BD/CW,-0.004648397110181356
1323,FS/EP,-0.0046531691118082115
1324,DV/EJ,-0.004665568659612719
1325,FC/AY,-0.004667833087297829
1326,CB/EP,-0.004675776125886267
1327,AR/DH,-0.004696576646282237
1328,CF/EJ,-0.004706397651793209
1329,BP/CL,-0.00470659871001276
1330,EL/CH,-0.004708132547601295
1331,EL/FS,-0.004718071089522581
1332,BD/AY,-0.0047396963169870285
1333,DA/BZ,-0.004750499675711409
1334,BR/BD,-0.004771129067591364
1335,CF/EE,-0.004786476323842397
1336,EB/EG,-0.004791886221812525
1337,EL/FC,-0.0048030111559539705
1338,EE/AH,-0.004807144447863147
1339,DF/EL,-0.00481238643261979
1340,GF/CF,-0.004818300452068406
1341,GB/GI,-0.004834320795455217
1342,GI/FC,-0.004834716602283268
1343,GF/CS,-0.004835064852224416
1344,AZ/AY,-0.00487450270088651
1345,EE/CH,-0.004884434544536773
1346,CC/GE,-0.004905140999888575
1347,CS/AY,-0.004916682711643614
1348,BZ/DL,-0.004928768333858462
1349,GF/EP,-0.004932827623881706
1350,EU/GE,-0.004937157926430735
1351,CW/GE,-0.004941644476380544
1352,CB/GE,-0.004945718618162017
1353,DN/AY,-0.004945863238730463
1354,AH/BR,-0.0049533365566046
1355,CU/EP,-0.004959966659733252
1356,BZ/BR,-0.004959992519502071
1357,GH/BZ,-0.004975830606414138
1358,CC/BD,-0.004981736042390333
1359,GB/CL,-0.00498321244623357
1360,EG/GE,-0.004988328602374753
1361,GE/CB,-0.004995385790267959
1362,GE/CW,-0.004996866658099438
1363,DE/FS,-0.005002146356300457
1364,FS/GE,-0.005002182315908358
1365,CS/GE,-0.005007305664074951
1366,EE/FC,-0.005014073331423717
1367,FI/DA,-0.0050269071234514615
1368,GB/BR,-0.005030432356765037
1369,CC/FR,-0.005057360673281825
1370,CW/EJ,-0.005080240166994746
1371,GE/CF,-0.005124615820450383
1372,GI/AR,-0.005157691717573999
1373,EG/CF,-0.005157702956725225
1374,GL/EJ,-0.00516964361101155
1375,AX/DV,-0.005181003982744456
1376,AY/DE,-0.005226688178578173
1377,DH/CD,-0.005231397737466011
1378,FD/BP,-0.0052716368925797424
1379,EB/DF,-0.005277098801199009
1380,CB/EB,-0.005289850380521821
1381,DN/EJ,-0.005308499337622973
1382,FR/DE,-0.005326549345707851
1383,CF/DA,-0.005331088403331463
1384,AB/GE,-0.00534043534206588
1385,BR/DY,-0.005344343066960506
1386,GF/CC,-0.005348241538055068
1387,CF/CL,-0.00535142067131128
1388,AR/FR,-0.005357165335793664
1389,CB/GB,-0.005361827686716345
1390,AR/EB,-0.005363946225224909
1391,BZ/BD,-0.005370796794949467
1392,CF/GH,-0.005389531126134153
1393,GI/EU,-0.0053989649245963795
1394,CU/CD,-0.005407167234040555
1395,EG/GB,-0.005414901361793114
1396,EU/GB,-0.005416377984425232
1397,GF/AY,-0.005423116791966625
1398,GE/GI,-0.005438645959675976
1399,FD/CD,-0.005440321803147571
1400,DN/CU,-0.005441226261645556
1401,FC/EB,-0.005444137190595374
1402,CU/FS,-0.0054586256541352554
1403,CH/CU,-0.005481660472514156
1404,FD/GF,-0.005482281653282971
1405,GH/CU,-0.005500194776242785
1406,FL/DV,-0.0055432366504329575
1407,EU/AY,-0.00555007691836193
1408,BD/BR,-0.005554233008263191
1409,CH/GB,-0.005562968955664006
1410,DN/GB,-0.005595611276400453
1411,BZ/FR,-0.005596109632295412
1412,DF/GI,-0.005601487984504745
1413,GL/BD,-0.005603693168116108
1414,DN/FR,-0.005606185419530712
1415,FC/GI,-0.005612637023132068
1416,BC/CB,-0.005632592444645607
1417,CU/BP,-0.0056345269117712565
1418,CH/BZ,-0.005667747788750562
1419,DE/AX,-0.005672240999527317
1420,FD/DE,-0.005675556879916249
1421,AX/DY,-0.0056805386899959395
1422,DN/FI,-0.0056844285190486964
1423,CU/AZ,-0.005704119856707003
1424,GL/DY,-0.005716176998228295
1425,EL/EB,-0.005727716527314845
1426,EL/GB,-0.005730085268437815
1427,BZ/EG,-0.0057489372925908985
1428,GI/FS,-0.005760098633338689
1429,EL/GI,-0.005766088871034449
1430,DN/BR,-0.005778980036635531
1431,BD/BZ,-0.00579904483316784
1432,DU/BD,-0.005817064293572878
1433,GI/EG,-0.005820775645002961
1434,CB/BR,-0.005841243745314869
1435,DN/BP,-0.00586006531088943
1436,EE/BN,-0.005865593534874702
1437,AH/BC,-0.005868127507507356
1438,DY/EB,-0.005877917305988712
1439,CW/CF,-0.005895470230884384
1440,GI/EL,-0.005901859473089641
1441,FS/GI,-0.005902775802559706
1442,CB/CU,-0.0059355744546942275
1443,EB/FC,-0.0059439536744882605
1444,AY/GI,-0.005954647008646122
1445,FI/EG,-0.0059673587485861695
1446,CH/FI,-0.00597969610466713
1447,EE/GH,-0.005985914279003376
1448,BR/DE,-0.005988788810634178
1449,FE/GL,-0.005994155854356913
1450,CS/EJ,-0.006049047457597908
1451,AX/BR,-0.00605058982590845
1452,GH/CF,-0.006054734885714101
1453,GF/BP,-0.00605871790774247
1454,GL/AY,-0.006073414420827794
1455,BD/GH,-0.006078107320772499
1456,EU/CU,-0.006079096367549055
1457,GL/CF,-0.006096929245514979
1458,BP/EJ,-0.0061036880958199626
1459,GB/FS,-0.006110129941755266
1460,BC/EU,-0.006110979386247075
1461,FI/FC,-0.006117645712984785
1462,DU/CL,-0.0061234603589881975
1463,AX/BD,-0.0061234984637036985
1464,CD/AH,-0.006136616580730281
1465,CH/CF,-0.006137324178109162
1466,DE/CD,-0.006142265725424846
1467,DU/CC,-0.006150092569789052
1468,CU/CW,-0.0061608017726863746
1469,GI/GB,-0.006162287910131297
1470,DA/CD,-0.0061677036314792336
1471,AY/DY,-0.006184114412972119
1472,CC/FI,-0.006185275175537592
1473,AR/GB,-0.006189783037119555
1474,EL/DL,-0.006190889169084137
1475,BR/EL,-0.006195486706555977
1476,EE/CF,-0.006208130456452394
1477,CU/DN,-0.00621016294715908
1478,DY/GB,-0.006215316973977069
1479,DU/FC,-0.0062309233559610586
1480,CW/BZ,-0.006251696824634477
1481,CU/BR,-0.006253357238592701
1482,FS/BR,-0.006268012292427228
1483,EE/AX,-0.0062738796026232755
1484,CW/AX,-0.006276523657135472
1485,EH/BD,-0.0063011409249909035
1486,CU/FD,-0.006365398682095479
1487,GL/FI,-0.0063698479943948335
1488,EE/DY,-0.00637312476710228
1489,CC/CF,-0.006379978602804551
1490,EP/AY,-0.0063821613286631435
1491,DN/CF,-0.0063837473322490125
1492,EJ/CW,-0.006391781420054312
1493,DF/FR,-0.006418585779572243
1494,GB/AR,-0.0064247293161395335
1495,BR/BZ,-0.006433729326893152
1496,EH/CC,-0.006435288100776579
1497,DY/BR,-0.006435352516051293
1498,DN/AX,-0.006441681842679295
1499,CU/EJ,-0.006444800933757334
1500,GB/EG,-0.006468866336817203
1501,BQ/AY,-0.0064995048123256405
1502,AZ/FR,-0.0065135004365700425
1503,CL/EJ,-0.006519546142729678
1504,EG/BR,-0.006540119612605708
1505,EP/CU,-0.006557867523243433
1506,AY/EL,-0.006577960013181576
1507,AX/GH,-0.006582901803964355
1508,EE/GI,-0.00659390211089636
1509,CU/AY,-0.0066209010505337415
1510,AX/AZ,-0.006640450453935995
1511,CC/AY,-0.0066418008733927295
1512,AY/EU,-0.006652463534193636
1513,FL/CU,-0.006653465203636785
1514,EG/EE,-0.006655787228863038
1515,GB/CH,-0.006684793465225196
1516,EJ/CH,-0.006692415436593087
1517,CU/CF,-0.006701862630917357
1518,AY/FR,-0.0067060716722081425
1519,FC/FI,-0.006709493355298013
1520,CW/AY,-0.0067121627101905295
1521,FS/CU,-0.006727994940948793
1522,EG/AY,-0.006731231755970394
1523,GL/GE,-0.006732264982529013
1524,DE/CF,-0.0067637843103568775
1525,AZ/BR,-0.0067683419639482404
1526,FS/AY,-0.006782276814065687
1527,CB/AY,-0.006792306859641305
1528,CF/FR,-0.006800015097963756
1529,DV/GB,-0.006802709277157497
1530,FC/GB,-0.0068175642168189065
1531,EE/DN,-0.006831442013576647
1532,GH/GB,-0.0068330700359945235
1533,CW/CU,-0.006835414360766134
1534,GE/BR,-0.0068447382214649665
1535,DL/BD,-0.006851532941759126
1536,AH/GB,-0.0068666833462492334
1537,DE/DY,-0.0068722243530702845
1538,CU/CB,-0.00688285972083427
1539,CC/CU,-0.006889899189642111
1540,CS/CU,-0.006890973295566776
1541,BC/FI,-0.006894709096867308
1542,AZ/GB,-0.006900601258485407
1543,CB/FR,-0.006904709286376715
1544,GB/EL,-0.0069065137873729225
1545,CU/GE,-0.006913649510038675
1546,CU/BD,-0.006915907479476043
1547,EG/CU,-0.006918435203361872
1548,GE/CU,-0.0069192973242144925
1549,EB/GI,-0.006925083592291977
1550,DV/BR,-0.006928128411836156
1551,BD/CF,-0.00692907574855767
1552,GB/FC,-0.006939926123264578
1553,FI/AY,-0.006940085942225807
1554,FS/GB,-0.006944660877081258
1555,CL/GB,-0.006945679631617919
1556,AZ/CF,-0.006978252912752282
1557,DA/BD,-0.00699793260063742
1558,CL/BR,-0.007023008231222423
1559,AM/GH,-0.0070307442949740645
1560,BD/CB,-0.007035693448420093
1561,EG/AX,-0.007040538948279306
1562,DU/EG,-0.00707864398111193
1563,CF/AH,-0.007096715672910721
1564,DE/DN,-0.007097528209401719
1565,EL/BD,-0.007109211046509721
1566,FI/EJ,-0.007140637009379735
1567,FR/GF,-0.00714229609824118
1568,DY/DH,-0.0071614705919652785
1569,DV/FR,-0.007171393444390363
1570,CD/CW,-0.0071789348409057666
1571,GL/CS,-0.0071806678830833295
1572,DE/GE,-0.007203493733948343
1573,GL/CC,-0.007213010820795014
1574,FI/BR,-0.0072513869039986184
1575,EH/CU,-0.0072973060139783115
1576,EB/GH,-0.007309153681799228
1577,EH/CF,-0.00732951197199588
1578,EB/GB,-0.007340397031286212
1579,CD/DV,-0.007360439273378937
1580,EB/EL,-0.0073873061770007966
1581,GL/FD,-0.007389425048636997
1582,FS/EB,-0.00739061810689417
1583,AZ/BZ,-0.007423157174989435
1584,BR/DF,-0.007432389117215377
1585,CF/AR,-0.00744106790646592
1586,EU/BR,-0.007464126687527812
1587,CL/EB,-0.007487025662235392
1588,BR/EG,-0.007493342354310064
1589,GE/FI,-0.0075086153425477295
1590,AX/GI,-0.007515337110159678
1591,EG/FR,-0.007522966089597294
1592,GF/FI,-0.007534187855732986
1593,CH/EJ,-0.007535427999765804
1594,FL/AR,-0.007537880894815975
1595,CW/BD,-0.007546941696707782
1596,FI/CS,-0.007550896681826401
1597,AX/CL,-0.007561104344801528
1598,CW/BR,-0.007580234618537249
1599,GB/CF,-0.00759676528017498
1600,BD/DL,-0.007601973354529858
1601,FS/DE,-0.007603084073140601
1602,FI/BN,-0.007631908448618205
1603,CW/EE,-0.007635758373231938
1604,EU/FI,-0.007654586238414901
1605,CF/BC,-0.007657940737834733
1606,EJ/GI,-0.00766190286137805
1607,EU/AX,-0.007676558996170939
1608,FC/BR,-0.007680298355424743
1609,EJ/AR,-0.007689894743560246
1610,GI/EB,-0.007691022828869388
1611,BD/EB,-0.007730946723312555
1612,EB/FR,-0.007744282522827252
1613,DI/DV,-0.00775416563412918
1614,BR/EE,-0.007786642199564563
1615,AF/AY,-0.007797973320925383
1616,CS/BR,-0.007829412868269327
1617,EP/BR,-0.00784093004782763
1618,CC/BR,-0.007841348257515493
1619,DN/DH,-0.007915156430034716
1620,BD/FS,-0.00792099831951035
1621,CH/AX,-0.007933808160922179
1622,CS/FD,-0.007965940424613478
1623,EJ/BD,-0.008034576143025843
1624,FR/EE,-0.008053377568254994
1625,GF/EL,-0.008067781633852873
1626,DH/DA,-0.008099767145455343
1627,AH/EJ,-0.00810282365008354
1628,GL/FR,-0.008109586660959615
1629,FL/CL,-0.008131952271638258
1630,FI/DN,-0.008140805510851438
1631,CF/AZ,-0.008178568695119261
1632,FI/AZ,-0.008191533900457704
1633,BD/DY,-0.008208704216975329
1634,GL/BP,-0.008212960809894962
1635,GH/AX,-0.008221123558655657
1636,GF/GI,-0.008238168954837304
1637,EJ/CU,-0.008241694947922035
1638,AY/EJ,-0.008244061151274937
1639,AZ/AX,-0.008270616494675158
1640,EE/FS,-0.008273951898669018
1641,FI/EP,-0.008277023612803486
1642,BD/AZ,-0.008316208006492961
1643,AR/DL,-0.008324310981675038
1644,GE/BD,-0.008327463732624739
1645,AY/EE,-0.008329142417790729
1646,FC/EJ,-0.008391369966044962
1647,DE/CC,-0.008438186132662187
1648,AX/EL,-0.008468102309934845
1649,DI/CR,-0.008496455698119451
1650,FI/FD,-0.008500561003621752
1651,DE/EP,-0.008502367517292105
1652,GI/DH,-0.008502618353992596
1653,BC/AY,-0.008505103032790118
1654,BD/DH,-0.008509602764266253
1655,EE/EP,-0.008513092808992633
1656,EJ/DY,-0.008518149247334421
1657,CW/FI,-0.00852945814721476
1658,AX/GB,-0.008554928632856049
1659,AX/FS,-0.008558304000799282
1660,GL/DE,-0.008564248235030873
1661,CC/EJ,-0.008576516185286813
1662,DL/AH,-0.008586311116534184
1663,DE/BR,-0.008608055833272135
1664,GF/CD,-0.008609171119570554
1665,FI/CB,-0.0086205194807597
1666,FI/GE,-0.008670537888406826
1667,EP/FI,-0.008689288834090312
1668,FI/CW,-0.008721200699393283
1669,CB/FI,-0.008724135316844333
1670,CS/FI,-0.008733510406874484
1671,EG/BZ,-0.00874234763176634
1672,BZ/FD,-0.008767419367925732
1673,CF/CH,-0.0087710296997518
1674,FS/FI,-0.008778956555230737
1675,BD/AH,-0.008799915955417834
1676,EH/BN,-0.00881672369130838
1677,DH/FE,-0.008822077151985026
1678,FI/FS,-0.008827391131063822
1679,FE/CL,-0.008848473667472517
1680,CU/FI,-0.008873124050135645
1681,FI/CU,-0.00888091331470176
1682,EG/FI,-0.00888782344988141
1683,BC/EL,-0.00889440394521974
1684,EJ/EU,-0.008899764716573649
1685,BD/CL,-0.008904795762014368
1686,FL/BR,-0.008924992162431984
1687,EU/FR,-0.008935140177256145
1688,CB/AX,-0.008937963604387185
1689,DY/BD,-0.008948510666663974
1690,DE/EH,-0.00896968897947906
1691,FC/AX,-0.00901579465622783
1692,DE/AY,-0.009038284356419946
1693,GL/FS,-0.009048309363004523
1694,AX/CH,-0.009062345339793398
1695,AB/AH,-0.009069237702810956
1696,EG/EJ,-0.009092357646748265
1697,EU/EJ,-0.009130118135329764
1698,CW/BP,-0.00914029344995958
1699,AR/AX,-0.009145837531265657
1700,CB/EJ,-0.00918337152444068
1701,FS/EJ,-0.009199237647068283
1702,DV/AX,-0.009214872742951736
1703,BR/EJ,-0.009224259301344634
1704,BZ/GB,-0.009240722204052922
1705,EJ/EL,-0.009241106673228326
1706,EP/EJ,-0.009254574790993729
1707,EJ/DF,-0.009268485249895582
1708,EB/AX,-0.009282646020604602
1709,EJ/EB,-0.009289424879991631
1710,CL/AX,-0.009298741900063004
1711,GE/EJ,-0.009310601714207464
1712,DY/AX,-0.009311733616839879
1713,EL/CF,-0.009313465939789519
1714,FR/DL,-0.009316220107558401
1715,EL/AX,-0.009369596628371859
1716,CL/FR,-0.009387507324874277
1717,BQ/CL,-0.00938883550919245
1718,BZ/GI,-0.009420020480605905
1719,GI/AX,-0.009439753422557588
1720,AH/AX,-0.009453882592593185
1721,FS/AX,-0.009455147501628626
1722,AX/FC,-0.009459885782202127
1723,BR/FD,-0.009469945788040581
1724,CB/BZ,-0.009475246796357948
1725,FE/AZ,-0.00948890143133179
1726,GB/AX,-0.009505711882819087
1727,AX/EG,-0.009521875929656727
1728,AX/AR,-0.009528804405026351
1729,EB/CF,-0.009534371216818103
1730,EP/BD,-0.00953942800123965
1731,BD/FC,-0.0095448867198571
1732,AX/CF,-0.009611359182050803
1733,DV/CF,-0.009646289479867856
1734,FC/FR,-0.009680221394452685
1735,CF/EL,-0.009697838685539986
1736,AB/BN,-0.009711293478522953
1737,DE/FI,-0.009731524240276405
1738,FE/AH,-0.009801268815649807
1739,GF/FS,-0.0098241066413939
1740,DV/DH,-0.009826485529719105
1741,AF/DV,-0.009843498515746896
1742,GI/BD,-0.009857374010317811
1743,CB/CF,-0.00986395490063867
1744,BN/EP,-0.0099000625195837
1745,FL/CS,-0.010002658756729017
1746,DL/GB,-0.010019098765467666
1747,CF/GB,-0.010027377229148591
1748,AB/CL,-0.010028525956148351
1749,AH/CF,-0.010063257447356958
1750,EB/BZ,-0.010081019768431426
1751,DY/CF,-0.0100887384532767
1752,CF/DY,-0.010089670624743162
1753,EJ/BZ,-0.010109365536494865
1754,GB/FR,-0.01012292023146897
1755,BQ/DL,-0.010157318568133483
1756,AH/FR,-0.01017302843115382
1757,GB/BZ,-0.010235594680967058
1758,CF/BR,-0.01023784621141088
1759,FC/BD,-0.010250982660800611
1760,FE/GB,-0.010251303038868731
1761,CF/EG,-0.010312181311288575
1762,FS/EE,-0.010321316835069944
1763,EB/BD,-0.01035342858911387
1764,BP/AR,-0.010360518547300563
1765,EJ/DL,-0.010363536945498426
1766,BD/DA,-0.01037559958152958
1767,BR/DL,-0.010394297134908494
1768,EU/CF,-0.010424886130998727
1769,DH/BZ,-0.010432865812166917
1770,FS/CF,-0.010533040936651548
1771,CF/BD,-0.010552413005289234
1772,DF/BZ,-0.010573689327088999
1773,CF/AX,-0.010609633644439027
1774,AY/FD,-0.01061540143408235
1775,AX/FR,-0.010618708758793702
1776,EJ/FR,-0.010620956025549688
1777,EU/BZ,-0.010637373708220838
1778,DY/FR,-0.010705620138972511
1779,FC/BZ,-0.010707380243693042
1780,BZ/GF,-0.010725871054424742
1781,DL/GI,-0.010735747684515016
1782,EJ/CF,-0.01073780861176886
1783,GI/FR,-0.010792360064760259
1784,EL/FR,-0.010834874093527125
1785,FS/FR,-0.010835924933364771
1786,AX/DL,-0.010843270698343833
1787,AR/BD,-0.010854598635798055
1788,CS/BD,-0.010869306751827252
1789,CF/DF,-0.010885294526572567
1790,EE/AY,-0.010931606226468032
1791,EU/BD,-0.01095923682285776
1792,BZ/DY,-0.01104994637572854
1793,GE/BP,-0.011057883775487798
1794,FL/BN,-0.011084860066474113
1795,BC/CW,-0.01110496569904834
1796,GF/EE,-0.011162727629960487
1797,FC/EE,-0.011172560823420413
1798,BZ/EL,-0.011289491025128277
1799,CF/EU,-0.01134615341513214
1800,DE/CW,-0.011382397578857699
1801,EJ/FD,-0.011402317890751705
1802,AH/BZ,-0.011408314170752092
1803,GF/CW,-0.011427588289010597
1804,EG/BD,-0.011443221863101902
1805,BZ/CF,-0.011469941960771831
1806,EE/FI,-0.011475907977780492
1807,AR/CF,-0.011478843728900918
1808,AY/BZ,-0.011485541720366175
1809,CF/GI,-0.011531168175813056
1810,DF/FD,-0.0115740505142202
1811,GB/BD,-0.011577827420169808
1812,BD/EG,-0.011591514975002345
1813,DA/FD,-0.011597786637939755
1814,EG/BC,-0.011636649214565212
1815,GI/CF,-0.01164614598441576
1816,DE/EL,-0.011651640323684272
1817,AM/AZ,-0.011661621860995272
1818,EP/FD,-0.011691253822260673
1819,GH/CD,-0.011726928425191022
1820,CW/DA,-0.011741852871903786
1821,AX/BZ,-0.011743832824775868
1822,AY/CF,-0.011831656462445325
1823,DF/CF,-0.011843456526621287
1824,BD/DF,-0.011847220488504003
1825,BD/CH,-0.011856310887879093
1826,GL/GI,-0.011857382829172557
1827,BC/CF,-0.011868966713469152
1828,CS/CD,-0.011880872204192702
1829,BD/GI,-0.011894870443926618
1830,CF/FS,-0.011916885155958522
1831,GE/FD,-0.01193027279909903
1832,BR/CF,-0.01194220434189413
1833,CF/FC,-0.01195049069675993
1834,CF/BZ,-0.011952324896439298
1835,CR/AH,-0.011965847581941289
1836,CL/CF,-0.011972051893069933
1837,DV/FD,-0.011984445010208927
1838,FC/CF,-0.011995882390880582
1839,CF/EB,-0.0120431196819628
1840,BC/FD,-0.012048226780758798
1841,CB/BD,-0.012049938205290175
1842,AY/BD,-0.012055911828610412
1843,EH/CR,-0.012079317196812177
1844,EP/CD,-0.012082506345846834
1845,GF/DY,-0.012129635237339668
1846,DV/BZ,-0.012162168128016872
1847,BD/AX,-0.012245782377827984
1848,CL/BZ,-0.012268348323315635
1849,EE/GE,-0.012301255233912584
1850,AM/AH,-0.012339699805027353
1851,GI/BZ,-0.012352998564671093
1852,AB/FC,-0.01240190662195427
1853,CH/BD,-0.012418961185462603
1854,GF/DE,-0.012433880888067867
1855,EE/EL,-0.012460593861841215
1856,DY/BZ,-0.012462599451356167
1857,DL/EE,-0.01247539498608925
1858,FS/BZ,-0.012484523125473082
1859,DN/DL,-0.012498317035362206
1860,DL/DY,-0.012533454316232142
1861,BD/GB,-0.012535712054851501
1862,GH/BD,-0.012537089833458321
1863,DL/GH,-0.012544678454462319
1864,AH/BD,-0.012547178193201643
1865,DV/BD,-0.012552103172566697
1866,CL/BD,-0.012570201484505395
1867,BD/EL,-0.012571208166313668
1868,BD/FR,-0.01257600014032908
1869,BD/AR,-0.012576976415027526
1870,DN/BD,-0.012579354994316738
1871,AZ/BD,-0.012579770771840582
1872,GF/BR,-0.012580651522552035
1873,CH/BP,-0.01258313624272028
1874,FS/BD,-0.012585193200223528
1875,EL/BZ,-0.01261056197940496
1876,BZ/EU,-0.012636536103249529
1877,BN/BC,-0.012654924287134203
1878,DU/FE,-0.012675069960036672
1879,FE/BD,-0.0127259175997773
1880,CF/FD,-0.012772202179635952
1881,EL/BC,-0.012867808350282159
1882,DN/CD,-0.012872215079180713
1883,GF/CU,-0.012874460832928557
1884,AM/BD,-0.01289675956671213
1885,DY/BC,-0.012936027983660395
1886,BC/DY,-0.01295376140086683
1887,AM/DN,-0.012972318100270205
1888,GL/BR,-0.013021698778391568
1889,GL/CB,-0.013098241937206613
1890,BP/CS,-0.013206870961030863
1891,EE/CW,-0.013229792037828682
1892,GL/CW,-0.01326357082804232
1893,DL/CS,-0.013335441196929972
1894,DA/AH,-0.013431922391662913
1895,AM/GB,-0.013438621174456815
1896,DE/BN,-0.013448189867142284
1897,BQ/AH,-0.013534246813617486
1898,AR/FD,-0.013546339829602077
1899,AY/DL,-0.013595834371341091
1900,AM/FR,-0.013637267558758485
1901,GH/BP,-0.01366125438589751
1902,EH/DE,-0.013704545522632477
1903,CD/CB,-0.013739062836208708
1904,BC/FR,-0.01376016017241654
1905,AM/AX,-0.013811600988079362
1906,CL/FD,-0.013866345320880647
1907,CR/FE,-0.01389668137010526
1908,BC/BN,-0.013919190624980413
1909,BN/FI,-0.013922984818826895
1910,DA/EH,-0.013932264715095864
1911,EE/CC,-0.013986082836737454
1912,GE/DE,-0.01398961502653628
1913,FC/FD,-0.014025074074877937
1914,AY/GF,-0.014028321173419084
1915,GL/CU,-0.014086205975727462
1916,BN/DN,-0.014087041143578175
1917,DL/DI,-0.014093505970181157
1918,BC/DA,-0.014106444182815269
1919,DL/CF,-0.014108370067358685
1920,BP/CH,-0.014133912169997351
1921,AH/DL,-0.014135286628941665
1922,EE/EH,-0.014146791722991367
1923,CC/FD,-0.01415469480932551
1924,BP/CR,-0.01418653511920194
1925,DE/CU,-0.014190592931169789
1926,AB/GB,-0.01421382112481262
1927,DN/FD,-0.014237538370284656
1928,DL/CH,-0.0142472627306246
1929,BP/AZ,-0.014318662841876375
1930,AZ/FD,-0.014394613156343512
1931,BN/GE,-0.014402468050773914
1932,DL/EH,-0.01440488711105858
1933,CU/AB,-0.014460151111340344
1934,GH/FD,-0.014565423699499695
1935,EB/GF,-0.014584706915770105
1936,AM/GE,-0.014648493728046837
1937,DL/FC,-0.014655942394589231
1938,AH/FD,-0.014664469228544419
1939,DL/AX,-0.014671487661028658
1940,AM/DH,-0.014710038811162437
1941,DA/GB,-0.014776719014545317
1942,EE/CU,-0.014785893950141113
1943,GE/CD,-0.01482085614914303
1944,GB/DL,-0.014830400819083437
1945,CH/CD,-0.014850115204594642
1946,BQ/BD,-0.015062667458486903
1947,DA/EU,-0.015080983745070532
1948,DA/FE,-0.015099603431909726
1949,EE/AZ,-0.015111798700907696
1950,CD/CL,-0.015182318433207097
1951,GE/EE,-0.015258031413941091
1952,EB/BC,-0.015264125136965142
1953,DF/GF,-0.015381672389798831
1954,EU/GF,-0.015386471176345604
1955,FI/AB,-0.015397849073025993
1956,FL/AM,-0.015401414416025938
1957,AM/CC,-0.015407178571336035
1958,DI/BD,-0.015468473838183915
1959,DU/AF,-0.015482548590737319
1960,GI/GF,-0.015529164663169566
1961,EU/DE,-0.015534886301572435
1962,CB/DE,-0.015553551459610961
1963,DE/EJ,-0.015567458359243967
1964,GI/FD,-0.015578485015999581
1965,DE/GF,-0.015592039712938151
1966,BQ/CS,-0.015607097163128088
1967,GB/GF,-0.015630194464803866
1968,AH/DH,-0.015650474241857643
1969,DL/EG,-0.015657352136074252
1970,BR/GF,-0.01566288280817552
1971,DI/CL,-0.01569375492617641
1972,DL/EP,-0.015714385407454186
1973,CW/GF,-0.015747847823023065
1974,CH/DL,-0.015827100713760138
1975,BP/GH,-0.015843464897939308
1976,EU/FD,-0.015845316584213058
1977,AM/FD,-0.015875560077466835
1978,DY/CR,-0.01590576574806552
1979,FR/BP,-0.01594304583459657
1980,DH/FR,-0.015945901768603037
1981,BD/GF,-0.015965899885016507
1982,DE/DL,-0.01600459482570479
1983,EE/BR,-0.016023328992882654
1984,DN/GF,-0.01604375998120501
1985,CD/BD,-0.01605718486656419
1986,EG/GF,-0.01611699510680841
1987,AX/GF,-0.01613675268548784
1988,BP/BC,-0.016148224213457945
1989,AR/BP,-0.016168826661682883
1990,AR/GF,-0.01622410382472445
1991,AZ/BP,-0.016224318807175356
1992,EP/GF,-0.01623267655432212
1993,GE/GF,-0.016239084981789862
1994,FS/GF,-0.01625118680988916
1995,CB/GF,-0.01626233961219583
1996,EL/GF,-0.016270602700595816
1997,DA/AB,-0.016284186708979187
1998,EJ/DH,-0.016289624494805685
1999,AZ/GF,-0.01630089497527516
2000,FI/GF,-0.016326314197844898
2001,AH/GF,-0.016347937532100038
2002,CU/GF,-0.01635678639474272
2003,FC/GF,-0.016369280276571987
2004,GF/BN,-0.016373942565297474
2005,CF/GF,-0.016375082060695677
2006,GH/GF,-0.016383071471563745
2007,DY/GF,-0.016405166543211475
2008,GF/EJ,-0.016406360723128437
2009,CH/GF,-0.01641283254913782
2010,DV/GF,-0.0164131589395238
2011,CS/GF,-0.016414185892528656
2012,CC/GF,-0.016415411710523235
2013,CL/GF,-0.016418216288663596
2014,EJ/GF,-0.016437116079684864
2015,CU/FE,-0.016439310615760847
2016,CB/FD,-0.01645825608046106
2017,CH/FD,-0.0165250684568163
2018,CF/DH,-0.016528217595318962
2019,EL/FD,-0.016622932033915228
2020,DA/CS,-0.016626950707683677
2021,BN/AY,-0.016721576867036413
2022,DF/DL,-0.016774951196300205
2023,AZ/CD,-0.016781219775506846
2024,DL/AB,-0.016811818160573595
2025,BD/FD,-0.01687596945039152
2026,CU/BN,-0.016907532496646806
2027,EB/FD,-0.016909811647682287
2028,FS/FD,-0.01698199649602134
2029,GF/EH,-0.01701673150397727
2030,EG/FD,-0.01710243311639498
2031,AZ/DL,-0.017123378606795407
2032,GB/FD,-0.017147436509730975
2033,AX/FD,-0.01717461526062807
2034,DY/FD,-0.017181879656660733
2035,FE/BN,-0.01718383011182158
2036,EE/GF,-0.01721066876391056
2037,AF/DN,-0.017213608259208243
2038,EE/EJ,-0.017244006838933283
2039,DE/EE,-0.017317248178817173
2040,GB/BP,-0.017416206603984113
2041,CW/CD,-0.01742154133203469
2042,DL/FE,-0.01745269002090339
2043,AM/FC,-0.017497408571376293
2044,GH/DL,-0.017538681891693404
2045,DL/EL,-0.017645076360243057
2046,GH/AB,-0.017647167666276248
2047,DV/DL,-0.017720039459367072
2048,EU/EE,-0.017748154154933006
2049,AB/FS,-0.01780757010236072
2050,CR/GB,-0.01784334886457846
2051,DH/DE,-0.017866002199579394
2052,BZ/BP,-0.017967991551407013
2053,BR/BP,-0.017978758354403126
2054,GL/EE,-0.018013883690723705
2055,AF/CR,-0.018097314924766128
2056,DH/AH,-0.018139711191590715
2057,FR/EH,-0.01816130797202769
2058,BC/CR,-0.018198999332288142
2059,EE/DE,-0.018227076217703215
2060,BP/EG,-0.018260974780894813
2061,DL/AZ,-0.01829494780073985
2062,CB/EE,-0.018312326643462287
2063,CU/DH,-0.018349591879912808
2064,EG/BP,-0.01836300495929333
2065,CD/BR,-0.018387054305598116
2066,CD/AZ,-0.018451423850596498
2067,EE/DL,-0.018478777240776414
2068,EH/GF,-0.01856703151426342
2069,DU/EH,-0.018583185371019495
2070,AM/EB,-0.018711883408843173
2071,DY/DL,-0.01875144336822734
2072,CD/FD,-0.018783097834158984
2073,FD/DA,-0.018892038543729454
2074,CD/CS,-0.018953079720528503
2075,BP/FS,-0.018974811138006326
2076,DL/FS,-0.01902858827032643
2077,CD/FS,-0.01909776766108079
2078,AZ/DH,-0.01910521972749328
2079,FR/BC,-0.01912419525375577
2080,AY/BP,-0.019127199454604428
2081,AX/AB,-0.019135940682938994
2082,AM/EG,-0.019260061758106232
2083,CW/EH,-0.01933003928820058
2084,BP/FC,-0.019371507032351465
2085,CU/DI,-0.019386947773091523
2086,BQ/FD,-0.019430945801977517
2087,GI/BC,-0.01947420188043457
2088,AM/BZ,-0.0195152110739236
2089,DL/EJ,-0.019554116712634424
2090,AM/CD,-0.019658780806153665
2091,AM/CU,-0.01970179656074545
2092,FL/DI,-0.01975532873050479
2093,CL/DL,-0.01975717830722077
2094,CD/BC,-0.01981943010422526
2095,DU/DH,-0.01982343962512874
2096,BP/GB,-0.019842000378711307
2097,CC/AB,-0.019883978231821073
2098,CC/BN,-0.019933756813257198
2099,GL/DL,-0.019958816036748324
2100,DH/BD,-0.02011682354437105
2101,CU/DL,-0.02011791923986779
2102,DL/CC,-0.02016054721303519
2103,DL/AY,-0.020222474224026326
2104,BZ/BC,-0.020231813915774777
2105,CD/GH,-0.02033659055270637
2106,EJ/BC,-0.020379847070270695
2107,FE/CW,-0.020436747902529057
2108,EH/FD,-0.02044504893352981
2109,FR/CD,-0.020488484435405484
2110,GF/DL,-0.020497593522549117
2111,DH/EU,-0.020534045321002656
2112,FI/DL,-0.020625864454689256
2113,DL/CW,-0.020633645744258904
2114,DV/BP,-0.020726743441369353
2115,DA/DI,-0.020747854453593582
2116,DL/DN,-0.02077461073125288
2117,AX/BP,-0.02078817162083448
2118,DF/BP,-0.02080627128229019
2119,CS/DL,-0.02082959599775169
2120,BQ/CW,-0.0208330955144922
2121,EU/DL,-0.020885712917030494
2122,FC/BC,-0.02089966011221409
2123,CU/EH,-0.02092562878234564
2124,FS/DL,-0.020955597362791168
2125,BN/EJ,-0.020968113210845487
2126,AM/BR,-0.021037127306422182
2127,FE/AR,-0.02120754560822643
2128,AM/CW,-0.021211494632437884
2129,DL/FI,-0.02123255231711096
2130,DU/CF,-0.021278885644492554
2131,BC/EH,-0.021298771265370556
2132,FE/CH,-0.021347422890636156
2133,EG/DL,-0.021357296673164914
2134,GL/BN,-0.021420764370868678
2135,CC/DL,-0.021493839813046756
2136,GB/CD,-0.021500874958280226
2137,CS/EH,-0.021501726465851564
2138,GE/DL,-0.021532137849402912
2139,BZ/DA,-0.021556247236558315
2140,FC/DL,-0.021589337554319424
2141,DL/CB,-0.021647528962694767
2142,EH/DH,-0.021669235340914014
2143,CB/DL,-0.021679447517439956
2144,DL/CU,-0.02169948117086523
2145,CR/CS,-0.021753869189448063
2146,EP/DL,-0.021760307514910288
2147,CW/DL,-0.021767495457275382
2148,DL/BR,-0.021789401365289212
2149,EE/AB,-0.021804079876976308
2150,DL/GE,-0.021811067636609307
2151,DL/GF,-0.021819994106066685
2152,CD/CH,-0.021822301370586175
2153,AM/EJ,-0.021989463889953514
2154,CB/BP,-0.022038081415882295
2155,EH/FE,-0.02208476866313078
2156,BP/DY,-0.022126661047502067
2157,CB/BC,-0.022192069919855655
2158,BP/DF,-0.02225596900721788
2159,FL/BP,-0.02238417101472523
2160,FL/EL,-0.022407898408179375
2161,EU/BC,-0.022415144104451768
2162,AF/BD,-0.022431359398496428
2163,FS/BC,-0.022561091998746743
2164,AZ/AB,-0.022626868846518718
2165,FL/DN,-0.02268871959071591
2166,CR/FD,-0.02272832036499706
2167,BP/FD,-0.022751220506951927
2168,EJ/CD,-0.0227523486974644
2169,BN/DF,-0.022772157318684486
2170,EG/CD,-0.022792462967326434
2171,CC/DH,-0.02279827472839356
2172,FD/BN,-0.02286768994137637
2173,GL/EH,-0.022892679194504884
2174,BP/BZ,-0.022955904154736945
2175,FI/EH,-0.023015205197670738
2176,BP/AX,-0.023026046851432967
2177,DF/BC,-0.02307759174694194
2178,BQ/BN,-0.023143065994863585
2179,FL/EB,-0.02315608364888632
2180,FL/GL,-0.023195086412539756
2181,CS/AB,-0.023213249280608625
2182,FI/CR,-0.0232863460468245
2183,BN/CS,-0.023360236955170238
2184,BR/CD,-0.023428410295119224
2185,EU/BP,-0.023450329429141593
2186,BC/DH,-0.02345749640532428
2187,EL/CD,-0.02355905138657561
2188,BP/GF,-0.023605506405937796
2189,BP/CF,-0.02360850141030589
2190,CF/BP,-0.02360877016636408
2191,BN/DL,-0.02361386350541489
2192,BC/FE,-0.023618307981430647
2193,DH/EH,-0.023620117700924047
2194,DA/EG,-0.023633330742297013
2195,BD/BP,-0.02365350826000394
2196,CD/EH,-0.023699756246239476
2197,BP/FR,-0.023716280768954427
2198,AF/CL,-0.02371841544937106
2199,DU/BQ,-0.023727137855375925
2200,FL/FD,-0.023747978537212742
2201,CD/EJ,-0.023791295362682343
2202,BP/GI,-0.023820312037310682
2203,EH/DI,-0.023836553710314484
2204,FL/DF,-0.02384361497800292
2205,CR/BD,-0.023923557882938776
2206,BP/EB,-0.02394018093229442
2207,DH/CS,-0.023979693822358584
2208,AH/BP,-0.024099529237984363
2209,FE/BZ,-0.02410991121875377
2210,AR/BC,-0.024129583820176746
2211,FL/DA,-0.024143198507035134
2212,BZ/EH,-0.024197240388845492
2213,EJ/BP,-0.024259220537505708
2214,FC/BP,-0.024285037736104263
2215,BR/BC,-0.02429116629022566
2216,BR/EH,-0.024308898876307623
2217,BZ/CD,-0.024311753769668005
2218,EL/BP,-0.0243212584122722
2219,CC/FE,-0.024341175157436626
2220,CL/BP,-0.02438003596817759
2221,EB/BP,-0.024395262052565578
2222,DU/AZ,-0.02440442666976178
2223,CD/AR,-0.024406008563880283
2224,DH/AM,-0.02442976875917917
2225,FS/BP,-0.02444095418901204
2226,DH/FD,-0.024461395241700983
2227,FE/BP,-0.024476383014380067
2228,BP/EU,-0.024553193553456084
2229,FL/BZ,-0.024580259706811262
2230,BP/BR,-0.024658227393464318
2231,DY/BP,-0.02469671452757916
2232,BP/EL,-0.02469824591781769
2233,GI/BP,-0.024711298204742355
2234,DU/DI,-0.02472749030131749
2235,CR/EU,-0.024749464958898817
2236,CD/AX,-0.024828774662825886
2237,EJ/EH,-0.024990187263344052
2238,CB/CD,-0.025001968875788753
2239,CH/DH,-0.02503674690560597
2240,CL/DH,-0.025092217861589362
2241,AX/CD,-0.02515934046750409
2242,GE/FE,-0.02520374538622378
2243,EE/FE,-0.02541047945332944
2244,AM/BP,-0.025417067107673767
2245,CD/BZ,-0.02549288739716242
2246,CR/AX,-0.02549812201914525
2247,DA/EP,-0.025535800439259484
2248,AY/CD,-0.025564286261258378
2249,EP/FE,-0.025677880576638158
2250,AF/CB,-0.025690533335272436
2251,CR/EH,-0.025719099616681892
2252,BD/CD,-0.025753382316120257
2253,DI/AH,-0.025758518731009525
2254,DA/FC,-0.02577212867012475
2255,CR/EP,-0.025787883822678714
2256,BP/BN,-0.025790358143713436
2257,BQ/EG,-0.0259129860688413
2258,DV/EH,-0.025967067621647782
2259,AY/EH,-0.026024997151735882
2260,CD/EU,-0.026071054714070476
2261,FI/FE,-0.026087043188110604
2262,BQ/AR,-0.026199012542379545
2263,DA/FL,-0.026260242010612146
2264,EP/EH,-0.026374484985642953
2265,FC/CD,-0.026412613855934092
2266,AH/CD,-0.026450081742912874
2267,AB/DN,-0.026508897442987178
2268,FS/DA,-0.02653478078249602
2269,BN/CB,-0.02663454182045994
2270,CW/BN,-0.026642468629509905
2271,GL/FE,-0.026651999732715027
2272,CD/FR,-0.02665471634586442
2273,CD/GB,-0.02672938240496563
2274,DY/CD,-0.026776421969199313
2275,GI/EH,-0.026778714274866264
2276,DH/EP,-0.026832158981698058
2277,CR/FL,-0.026853406710974866
2278,EP/BN,-0.026894728992293608
2279,GE/EH,-0.026897123138438127
2280,DI/AZ,-0.0269517425892018
2281,DA/CB,-0.026959641700405504
2282,AM/AR,-0.02703732860471849
2283,CD/CF,-0.027065195282693404
2284,DH/GB,-0.02711160193005861
2285,CD/DY,-0.027116607396594907
2286,EU/CD,-0.027283694680048733
2287,DU/DE,-0.027334400777442508
2288,CS/BN,-0.027344785929846026
2289,DH/GH,-0.02746547898115691
2290,BN/DV,-0.027474171461193603
2291,AB/FD,-0.027477393523732012
2292,FE/AX,-0.027491706586480407
2293,CD/FC,-0.027503743341556267
2294,AB/GH,-0.02760536434556448
2295,EB/CD,-0.027649951595344356
2296,EG/DA,-0.027701771870641892
2297,DA/GI,-0.027734125200884502
2298,FC/DA,-0.02782000383295041
2299,DA/AY,-0.027866816135569388
2300,DF/CD,-0.027913751956305893
2301,CL/EH,-0.02792593108962744
2302,AZ/EH,-0.027928903732019852
2303,CU/AM,-0.027939049429278617
2304,DA/DN,-0.028055927702816952
2305,FD/EH,-0.028059159841404765
2306,DI/BN,-0.028095880329772907
2307,CS/FE,-0.028202382312715272
2308,AF/AH,-0.028216129460824163
2309,FE/BR,-0.02823982296070839
2310,FR/BN,-0.02831460143619749
2311,CF/CD,-0.028319268577673008
2312,BN/CR,-0.028384575614974643
2313,GH/EH,-0.028460740655874464
2314,DV/CD,-0.028477774721251924
2315,BZ/BN,-0.028504792669298396
2316,BN/AH,-0.028575645720509184
2317,CD/BP,-0.028676179322373117
2318,CD/DF,-0.028762225482400237
2319,CF/EH,-0.02876525960270203
2320,AR/CD,-0.028800448803892677
2321,DI/GL,-0.02881240942028862
2322,FI/DH,-0.028830832375176658
2323,BP/CD,-0.028847366366660708
2324,GH/CR,-0.028879274898675127
2325,GE/BN,-0.028922000813313854
2326,DN/EH,-0.028934642246465716
2327,CL/CD,-0.02904419915089249
2328,FS/CD,-0.029108703149187974
2329,BQ/FS,-0.029117770046186896
2330,CD/EG,-0.029217508190709063
2331,DN/BN,-0.029233675442028817
2332,FD/AM,-0.029242836990257145
2333,GL/AM,-0.029285581297952498
2334,CC/EH,-0.029291721913075188
2335,CD/EB,-0.029299814857554167
2336,CD/EL,-0.029328599412531204
2337,CD/GF,-0.029339456569857217
2338,FC/EH,-0.0293426774244477
2339,GI/CD,-0.029342960453468958
2340,CD/GI,-0.029344701026961476
2341,DH/AX,-0.02936499289063273
2342,AB/AR,-0.02945735320572187
2343,FE/EB,-0.029506817665447233
2344,AM/FS,-0.02953177140985417
2345,DA/GH,-0.02960547375140197
2346,FD/DH,-0.029674707939007325
2347,CS/DH,-0.029709664588867684
2348,EL/EH,-0.029713920383515433
2349,DN/FE,-0.029769801754474225
2350,FR/DA,-0.029820287886043944
2351,AB/CU,-0.029989587283821305
2352,FL/BC,-0.029996129090089144
2353,BQ/CU,-0.030028129514788823
2354,GL/AB,-0.03011607608316559
2355,BN/GH,-0.03022305647458559
2356,DA/CF,-0.030242894227020117
2357,FL/AB,-0.030247837865107555
2358,CD/BN,-0.030272225982639678
2359,FD/FE,-0.03034109602758945
2360,BN/CU,-0.030421657353006802
2361,FI/DI,-0.030625283365597333
2362,CR/AM,-0.030761381640038863
2363,BZ/DH,-0.03076403303640566
2364,EU/EH,-0.03079992485463215
2365,DH/FC,-0.030847813390923975
2366,DI/CW,-0.030941406416980732
2367,DA/DU,-0.03094890534808145
2368,AB/FR,-0.0309681519197694
2369,CH/EH,-0.031082123965261235
2370,AM/EH,-0.031096966528944996
2371,DA/FI,-0.031113723630631196
2372,AH/EH,-0.03120071864909414
2373,BN/BD,-0.03132468238953229
2374,AM/GL,-0.031376430255328186
2375,CR/FC,-0.031575646678756
2376,BP/EH,-0.03157876614002138
2377,BN/EB,-0.03168141118280374
2378,CB/EH,-0.03175572623070394
2379,CW/FE,-0.03178050909254764
2380,AF/AZ,-0.03183380013497586
2381,BN/CW,-0.03184176449486718
2382,DA/DY,-0.03189347762920252
2383,DH/DN,-0.03190367401515912
2384,DE/FL,-0.03190557820896897
2385,BN/EU,-0.03191882345473887
2386,FI/AM,-0.031954361098356615
2387,FR/DH,-0.03202295962458411
2388,DF/EH,-0.03204373841893267
2389,BR/DA,-0.03208822956753779
2390,FS/EH,-0.03211371030125014
2391,DA/CH,-0.032123759812957335
2392,GB/EH,-0.0321485758149902
2393,EG/EH,-0.032199091276134226
2394,DH/AZ,-0.03220790856367295
2395,AX/EH,-0.0322121677705397
2396,DH/DY,-0.03223891737444863
2397,AR/EH,-0.03225022970627742
2398,BD/EH,-0.032278861481503884
2399,DY/EH,-0.03232315713299158
2400,EB/EH,-0.032333415900952074
2401,FD/CR,-0.03235926736179337
2402,BR/BN,-0.032388949941317934
2403,DH/EG,-0.03239080986851574
2404,CR/DU,-0.032402938586313386
2405,FE/GI,-0.03242962912976675
2406,AB/DL,-0.03245383158992105
2407,EP/DI,-0.03249232086201747
2408,CC/AM,-0.032549189003676725
2409,DH/FL,-0.03261787646177293
2410,DH/CH,-0.03268440600906134
2411,DA/GE,-0.03274551607009215
2412,CR/DN,-0.033017563171453615
2413,DA/AZ,-0.03308498458250847
2414,DI/GB,-0.03311232518610985
2415,BR/DH,-0.033164795021675256
2416,BN/DY,-0.03316731385915364
2417,DH/EL,-0.03320862849344817
2418,BC/AM,-0.033224155995536214
2419,DH/GI,-0.03324860402064602
2420,CR/CH,-0.03330714948219364
2421,EP/AB,-0.033335785439206005
2422,CR/GH,-0.03342591860751222
2423,AY/BN,-0.0334304433234918
2424,FE/FS,-0.03356299916951896
2425,DE/FE,-0.03357153753741573
2426,CF/BN,-0.0335975257493443
2427,DH/AY,-0.03360494011790478
2428,DA/AX,-0.03374410693060682
2429,DF/CR,-0.03383636676690094
2430,BN/AB,-0.033875755361711495
2431,GL/DI,-0.03388577545190888
2432,AY/DA,-0.033901372448815255
2433,GH/BN,-0.03407927868976943
2434,AF/BN,-0.03411590658822398
2435,BD/CR,-0.034152733081005596
2436,AF/DL,-0.0341598608584102
2437,DL/FL,-0.03417671253848803
2438,BN/BR,-0.034389506703883965
2439,DH/CF,-0.034416752672279144
2440,FL/GB,-0.034457476470413674
2441,AY/DH,-0.03448474920961789
2442,DA/FS,-0.03460368491357054
2443,BN/CD,-0.03463724322485604
2444,AZ/BN,-0.03464369601354909
2445,CS/DI,-0.034731678365030466
2446,FE/CD,-0.03482817637496647
2447,DI/FR,-0.03483650987475819
2448,BN/AZ,-0.03491309902577341
2449,AB/AX,-0.03493878607530479
2450,CH/FE,-0.035054833802518434
2451,GH/FE,-0.035093072741370024
2452,DF/BN,-0.035117118813261364
2453,BZ/CR,-0.0351272186062168
2454,AB/BR,-0.03516208452933449
2455,FE/FC,-0.035188919369122995
2456,DL/AM,-0.03524356845815772
2457,CR/FI,-0.03524615160683584
2458,DI/CH,-0.03526976404328643
2459,CR/AY,-0.03529700474085258
2460,CH/BN,-0.035351795466595316
2461,BN/CF,-0.035359124000581985
2462,BN/CL,-0.0353745866657553
2463,GF/AM,-0.03542748138686022
2464,DA/CW,-0.03558601301181432
2465,FL/FR,-0.03559891521833468
2466,DN/AM,-0.03578514968841396
2467,GL/DA,-0.03589396403414556
2468,BN/EH,-0.03593351704823709
2469,DI/EJ,-0.03594199718475817
2470,DH/EE,-0.03594496516412708
2471,GI/CR,-0.036114466983599554
2472,CR/EG,-0.036132297338479516
2473,EE/FL,-0.036177421021256435
2474,FE/EL,-0.03621936405155465
2475,DF/DH,-0.03642925444493271
2476,BQ/AZ,-0.036445405242838354
2477,DE/DU,-0.0364473106706994
2478,DU/GI,-0.03649149184894809
2479,DN/DI,-0.03649884736129884
2480,FC/DH,-0.03650448495455004
2481,GE/AM,-0.03652972835012708
2482,EG/BN,-0.036564858368737914
2483,BN/CH,-0.03662457139376959
2484,GF/FE,-0.03672023359452488
2485,BN/FS,-0.0368053773407722
2486,FE/BC,-0.036950842654262114
2487,BN/BP,-0.03702218593110535
2488,FR/FE,-0.03709951378062873
2489,FL/EU,-0.037176304769487724
2490,DI/GH,-0.0372030920622283
2491,DH/FS,-0.03721778102525203
2492,AB/CW,-0.03723213855466293
2493,EJ/BN,-0.03726259800366659
2494,CR/GE,-0.03728337830977884
2495,EB/BN,-0.0372969407376685
2496,DA/EL,-0.03734429098735119
2497,DL/DH,-0.03735699804506578
2498,EU/BN,-0.037481130673603306
2499,BN/GI,-0.0376217169042286
2500,BN/FD,-0.03763341476296458
2501,AF/GH,-0.037704062447129406
2502,CC/DI,-0.037734702096403755
2503,BQ/AX,-0.037859669540348556
2504,CR/EL,-0.03788862640285134
2505,BN/GB,-0.037940054743443995
2506,CR/CF,-0.03797498380329504
2507,BN/FC,-0.038042968451305996
2508,EG/FE,-0.038169791887216586
2509,BD/BN,-0.038210616065545766
2510,DV/BN,-0.038274214023140275
2511,CB/BN,-0.03836020265804985
2512,GF/DI,-0.038375997538837525
2513,BN/AR,-0.03838608646811016
2514,BN/EG,-0.038412055380588575
2515,AX/BN,-0.0384311858205367
2516,EL/FE,-0.038440631174862454
2517,CR/GI,-0.03851168212126993
2518,DA/BR,-0.038574128189640414
2519,EE/AM,-0.03859745982296389
2520,AZ/FE,-0.03862885260862716
2521,BZ/FE,-0.03864660917959185
2522,AR/BN,-0.03870133303330779
2523,AX/FE,-0.03872010350100087
2524,BN/FR,-0.03872730999992556
2525,AX/CR,-0.03873939236343858
2526,BQ/GL,-0.03875377952363061
2527,DA/DL,-0.03881210779063967
2528,DH/FI,-0.03883601615620624
2529,BN/AX,-0.03883869994350547
2530,DF/DA,-0.038925136860285314
2531,GE/DA,-0.038983280705160266
2532,CC/CR,-0.039013056107743
2533,GI/BN,-0.03901906583570071
2534,FC/BN,-0.039021271184528375
2535,BN/EL,-0.0390694768310204
2536,BN/BZ,-0.03907715181845231
2537,FL/FE,-0.039109146085012966
2538,FS/BN,-0.03918265218899227
2539,BN/FE,-0.039197217100605364
2540,CL/BN,-0.03921230822209385
2541,BN/GF,-0.039277642885392386
2542,GB/BN,-0.03928669386636563
2543,DY/BN,-0.0392925184426854
2544,DA/CC,-0.039294822329990514
2545,AB/EB,-0.03929911270100571
2546,AH/BN,-0.03930212779279109
2547,EL/BN,-0.03931609024352013
2548,CR/CB,-0.039337418652109164
2549,BQ/GH,-0.039349019838118116
2550,FL/GI,-0.03937034022318811
2551,GF/DH,-0.03942543943902645
2552,FL/EG,-0.03943370082396643
2553,CW/DH,-0.03945882462844854
2554,DA/DE,-0.039565368678478645
2555,GF/DA,-0.039601164702152386
2556,DA/AM,-0.03965522118114606
2557,DN/CR,-0.039673025620834274
2558,BQ/EH,-0.03974937391138083
2559,DH/GE,-0.03980657993423968
2560,DH/CU,-0.03981240051806618
2561,DL/DU,-0.03982908567039358
2562,EP/DH,-0.03985101448486985
2563,EG/DH,-0.03986777407758718
2564,EE/DA,-0.040104183213100796
2565,BQ/FR,-0.04016116075069331
2566,DH/DU,-0.04037059027576291
2567,GF/AB,-0.040404374091933606
2568,CR/DY,-0.04041616985457023
2569,CR/AZ,-0.04044026437173437
2570,DA/CU,-0.0404494550884834
2571,DE/AM,-0.040583349045158534
2572,EE/DU,-0.04063953468108507
2573,DH/CW,-0.040699511227672444
2574,EL/AB,-0.04072896802780979
2575,CW/FL,-0.04072995529991953
2576,DV/FE,-0.04076631639546053
2577,AZ/CR,-0.040766886830287064
2578,GB/FE,-0.0409647080031044
2579,FS/DH,-0.0409768291128278
2580,CB/DA,-0.041074822274758296
2581,FL/CF,-0.041096480770643956
2582,GE/DH,-0.04113337274524575
2583,AY/FE,-0.04121037510964765
2584,FE/DF,-0.041370613077884394
2585,EU/DA,-0.04137903467374775
2586,BQ/GB,-0.04140728791746245
2587,GH/AM,-0.04142242063938385
2588,DA/EE,-0.04151160761596639
2589,FR/FL,-0.04158555961308885
2590,DA/GF,-0.04175316172149251
2591,EL/CR,-0.04178483789333837
2592,DA/EJ,-0.04179350025768381
2593,DE/DA,-0.04181165885797434
2594,FL/CW,-0.04194085874351132
2595,FR/CR,-0.041986754302321544
2596,FE/FD,-0.04204015630545266
2597,DH/EJ,-0.04209283920037752
2598,AB/BP,-0.04210724641309577
2599,DA/DH,-0.04212320905516734
2600,FD/DI,-0.04214378865176972
2601,DH/CC,-0.04216170525363227
2602,EU/DH,-0.042189611572849936
2603,BR/CR,-0.04220840837611213
2604,CW/AB,-0.04230953377720094
2605,FL/CB,-0.042328999791396815
2606,CB/DH,-0.04235902217946908
2607,AB/EH,-0.042407927460589766
2608,DH/GF,-0.04242158999988925
2609,DH/CB,-0.042423421865311735
2610,BQ/EJ,-0.042547235839535194
2611,AZ/AM,-0.04256574181118376
2612,GL/DH,-0.042603080390659936
2613,DI/BR,-0.04272317166555398
2614,DH/DL,-0.04272459185129895
2615,DH/BR,-0.04273415603053286
2616,DE/DH,-0.04273978209788892
2617,CU/FL,-0.04275038408640266
2618,EE/DH,-0.042770563065831706
2619,DI/BZ,-0.04286452458027344
2620,FD/AB,-0.04289380833576254
2621,FE/GF,-0.0429170312636344
2622,CS/FL,-0.04305612695928117
2623,AM/BC,-0.043148079875224156
2624,BR/FE,-0.043482143215512366
2625,GF/FL,-0.04353571487583829
2626,GB/CR,-0.043586488164052466
2627,DE/DI,-0.043634948489585136
2628,EB/CR,-0.04367789013881415
2629,AY/CR,-0.0438701006606263
2630,CR/CC,-0.04399603386624684
2631,AF/GB,-0.044127239439560005
2632,CR/CU,-0.0441487240473636
2633,AH/FE,-0.04418237389920101
2634,EU/FE,-0.0442002658567473
2635,CS/AM,-0.044350293810560104
2636,AR/FE,-0.044389956112938715
2637,AX/AM,-0.04444060506967873
2638,CR/FS,-0.04447343298115003
2639,AM/FL,-0.044537124451719604
2640,EB/FE,-0.044610608386984794
2641,EP/AM,-0.04470146427330836
2642,CH/AM,-0.04473372675857205
2643,FE/EG,-0.04479513979578272
2644,CF/CR,-0.04485335193006411
2645,FE/EH,-0.04489876267415924
2646,CH/CR,-0.04491570955985226
2647,DU/GF,-0.04494953772749321
2648,CH/DI,-0.04497844910550462
2649,DV/CR,-0.04511479115440488
2650,EL/AM,-0.04518185400253412
2651,BQ/BZ,-0.04522484174676533
2652,FI/FL,-0.04529310010709993
2653,CR/DL,-0.045374543684832014
2654,AM/GI,-0.04540624462864767
2655,DY/FE,-0.04553705251771351
2656,AB/EG,-0.04563375360728007
2657,GI/FE,-0.045678770967342554
2658,CL/CR,-0.04573720250646791
2659,DE/AB,-0.04577301195075556
2660,CL/FE,-0.04580870532880292
2661,AF/AR,-0.045845508916640396
2662,CW/AM,-0.04591884678096485
2663,BD/FE,-0.04592650986355072
2664,EJ/FE,-0.04599264168196525
2665,DI/BP,-0.04600411815140065
2666,BQ/BP,-0.04604712316309227
2667,FS/CR,-0.046134945517611416
2668,CR/CW,-0.04619957543241162
2669,FS/FE,-0.04622961442187815
2670,FE/EU,-0.04623985870515487
2671,DI/EB,-0.04624100599292929
2672,GH/DI,-0.046346045980475634
2673,FR/AM,-0.04652851170703515
2674,BC/DI,-0.04654690253973802
2675,FE/DY,-0.04656344248944969
2676,CB/FE,-0.04659457498306083
2677,FE/CF,-0.04661334133252937
2678,FC/FE,-0.046765347599937224
2679,CD/FE,-0.04678570227231703
2680,BP/FE,-0.0468087570538506
2681,CF/FE,-0.04680911104359156
2682,DF/FE,-0.04681127321694381
2683,CW/DI,-0.04682405959107748
2684,EE/DI,-0.04690969607682789
2685,BD/AB,-0.046990158396891246
2686,CR/DE,-0.04701797251255497
2687,AF/EJ,-0.04716691281489022
2688,BD/AM,-0.04718155118977984
2689,GI/FL,-0.04727333195863974
2690,AB/AZ,-0.04758116495065688
2691,CW/DU,-0.04780714626458743
2692,AB/FL,-0.04780997390782289
2693,DI/FC,-0.04785092925067404
2694,AH/CR,-0.047874054539276754
2695,DV/FL,-0.04794061229792365
2696,CU/CR,-0.04802109197954342
2697,GB/AB,-0.048060071330018175
2698,DI/AR,-0.04823559007435989
2699,AR/CR,-0.04827901600573681
2700,CR/DA,-0.04849986780549698
2701,AB/GL,-0.04859608557272786
2702,BC/FL,-0.04865251998923112
2703,AM/DF,-0.04867857543731535
2704,AB/BZ,-0.04880361210234159
2705,GF/CR,-0.04885213048612819
2706,CU/DU,-0.048886272468362746
2707,EG/AM,-0.04889646155520164
2708,EP/FL,-0.04900710775332759
2709,DN/BQ,-0.049029011094245026
2710,GB/AM,-0.04903257781575142
2711,AF/CU,-0.04911250358596168
2712,GL/FL,-0.049115765287329
2713,BN/AM,-0.049133047570245406
2714,CW/CR,-0.04915403963416929
2715,BQ/CH,-0.04916101358273586
2716,CR/BR,-0.04938440891194848
2717,BQ/EB,-0.04949118227535393
2718,FD/BQ,-0.0494930863167342
2719,DL/CR,-0.04956005669476144
2720,CR/EE,-0.04957284908763136
2721,BC/AB,-0.04964047245508722
2722,CS/CR,-0.050187233372951646
2723,GL/CR,-0.050281548680334666
2724,BQ/DI,-0.05028729221606265
2725,AM/EL,-0.05037790300429271
2726,DH/CR,-0.05046102172772572
2727,GF/DU,-0.05059496179645485
2728,EP/CR,-0.05059882098591081
2729,GE/CR,-0.05082298394635132
2730,AF/GL,-0.05085359042878646
2731,FI/DU,-0.050878469701509076
2732,CR/GF,-0.0508901077481604
2733,AB/DU,-0.05091491356855722
2734,DN/FL,-0.05105767186255245
2735,BQ/FL,-0.05109698427899882
2736,EU/CR,-0.051101440847565266
2737,CS/DU,-0.05112063580296258
2738,AZ/DI,-0.051137977011466704
2739,AH/AB,-0.051176815417764296
2740,BN/FL,-0.05119877633857515
2741,BQ/CD,-0.051211486537085134
2742,CB/CR,-0.05124407716164038
2743,FL/DY,-0.0512549917144403
2744,CR/DH,-0.05134113166125423
2745,FC/CR,-0.05144647955927031
2746,CR/EJ,-0.051572820534675996
2747,DE/CR,-0.051636249175302205
2748,EE/CR,-0.05169077868540637
2749,GH/FL,-0.051701756796071655
2750,EG/CR,-0.05171255508633242
2751,BR/AM,-0.05173343083187947
2752,DA/CR,-0.05177453373559704
2753,EH/FL,-0.05181217090937173
2754,CF/AM,-0.05198956216572606
2755,CL/FL,-0.05211642078690156
2756,BZ/FL,-0.05212854710472796
2757,AZ/FL,-0.052321207677950024
2758,DH/BQ,-0.05237465744114822
2759,GE/FL,-0.052447953291394935
2760,BQ/BR,-0.052488107591616734
2761,BR/FL,-0.052510657763948865
2762,AX/DI,-0.05251174064748818
2763,DV/AB,-0.052715606954103336
2764,DI/FS,-0.0527988513822758
2765,AM/DI,-0.05299459468970095
2766,AF/CW,-0.05308495288794585
2767,AM/CF,-0.05314507626932628
2768,EL/FL,-0.053147292988643687
2769,AM/GF,-0.053269123033220685
2770,CC/FL,-0.05328723098403284
2771,CR/BQ,-0.05328982081885264
2772,BQ/FE,-0.053330677862093216
2773,DI/FD,-0.0533880567399564
2774,CD/AB,-0.053412700050937054
2775,AY/FL,-0.05350612109916554
2776,EH/BQ,-0.05365350303286222
2777,BQ/FC,-0.053848362913743425
2778,GE/DI,-0.05408808860529188
2779,AR/AM,-0.05409038066903246
2780,AM/FE,-0.05413812495606187
2781,GI/AM,-0.054194608091341544
2782,AM/DU,-0.05435884950447014
2783,EG/DI,-0.05445359363515577
2784,GI/DU,-0.054504522625248325
2785,CD/FL,-0.05458881012476086
2786,FI/BQ,-0.054669995735858776
2787,EB/AM,-0.054775206832868586
2788,EJ/FL,-0.05480782273610776
2789,AB/EJ,-0.054842507078665205
2790,AY/AM,-0.054869173513982
2791,DV/AM,-0.05487510451321876
2792,GE/AB,-0.054900093598430455
2793,DI/AX,-0.05531679927691187
2794,DY/AM,-0.055338924849256226
2795,FS/FL,-0.055383177037093397
2796,GL/DU,-0.05548652860376385
2797,DI/EG,-0.055551902183934736
2798,EU/AM,-0.05563032029104393
2799,EB/AB,-0.055658386623721044
2800,FE/DI,-0.05583547760181301
2801,CH/FL,-0.05584942624677619
2802,CB/AM,-0.05585775526775038
2803,FS/AM,-0.05588418501238018
2804,DA/BQ,-0.05602571164763344
2805,AH/AM,-0.056062703694669765
2806,AF/FC,-0.056137673177688086
2807,BP/AM,-0.05616031077558421
2808,AM/DY,-0.0561613589318004
2809,CF/FL,-0.05624260744702538
2810,FC/FL,-0.05651476073974457
2811,DF/AM,-0.0566054798932187
2812,CD/AM,-0.05671306940395825
2813,FL/GF,-0.05683879945429664
2814,AR/AB,-0.05687200055598257
2815,CL/AM,-0.05687892689821078
2816,EJ/AM,-0.057017050485255946
2817,BZ/AM,-0.05702458710169516
2818,FE/AM,-0.057117068204132385
2819,FC/AM,-0.05717173406055028
2820,AM/EU,-0.05720190488057631
2821,AR/FL,-0.05736708368576841
2822,EP/DU,-0.05738713853300114
2823,BN/DI,-0.05743939294162698
2824,DE/BQ,-0.057468453858222676
2825,DL/BQ,-0.057476209373999027
2826,GH/BQ,-0.05755017323934545
2827,EH/DU,-0.05757628591528461
2828,BC/DU,-0.05774040662073545
2829,EU/FL,-0.05776492943700461
2830,EE/BQ,-0.057789125016983814
2831,GF/BQ,-0.05780762700419374
2832,CH/BQ,-0.05789855959502935
2833,BN/DU,-0.05797072109725428
2834,GB/FL,-0.05804425236015159
2835,FD/FL,-0.05813144064711624
2836,CU/BQ,-0.05819459425526709
2837,BQ/DF,-0.05839797235929506
2838,AX/FL,-0.05840248489302668
2839,FR/DI,-0.05853689130932605
2840,DN/DU,-0.058595240762377515
2841,FR/DU,-0.05861624139111525
2842,CB/FL,-0.05865405754572076
2843,DY/FL,-0.05870540127346899
2844,EG/FL,-0.05870913373686225
2845,GH/DU,-0.05878325350895937
2846,BQ/DU,-0.05878789882351413
2847,FL/EH,-0.05887328919027454
2848,AF/FS,-0.05888191870120537
2849,GB/DI,-0.05902752082538096
2850,BZ/DI,-0.059093549431748535
2851,DV/DU,-0.05911459090278541
2852,EB/FL,-0.059273236859107487
2853,AR/DI,-0.05927834456658042
2854,GE/DU,-0.05949941606966885
2855,BD/FL,-0.05952815729024044
2856,FE/FL,-0.05954432252061882
2857,AH/FL,-0.059553553546076436
2858,CS/BQ,-0.05955640928438007
2859,BP/FL,-0.05959610577982615
2860,DF/FL,-0.059599523085281915
2861,AZ/DU,-0.059858541412008436
2862,DV/DI,-0.059911030424172174
2863,CC/DU,-0.06000188152419546
2864,CC/BQ,-0.06018085604558261
2865,BR/DI,-0.06035902134837069
2866,DI/EH,-0.0604304097519377
2867,AF/FR,-0.06058511874537699
2868,EG/AB,-0.06093145566578308
2869,GL/BQ,-0.06103995927257497
2870,DY/AB,-0.061044494594975934
2871,AF/BP,-0.06107125550291011
2872,AZ/BQ,-0.06115181219852213
2873,AX/BQ,-0.061184545571687794
2874,BZ/DU,-0.06143016501865804
2875,EL/DI,-0.06145346415267432
2876,BR/DU,-0.06164387204590807
2877,GB/BQ,-0.061800855903629465
2878,EP/BQ,-0.06207311473749274
2879,FD/DU,-0.062195559679584206
2880,AY/DU,-0.06243923154904723
2881,CL/DU,-0.062440632087652125
2882,BN/BQ,-0.06280921787237623
2883,EL/BQ,-0.06284175065115105
2884,CH/DU,-0.06293704368679433
2885,FL/BQ,-0.06304549243903947
2886,EL/DU,-0.06306647043612364
2887,AH/DI,-0.06316170782736118
2888,GE/BQ,-0.06334238477096027
2889,BD/BQ,-0.06351674040442487
2890,EH/AF,-0.06382538162664253
2891,CW/BQ,-0.06400586568058235
2892,DV/BQ,-0.06407514954847493
2893,AB/CD,-0.06409488968074879
2894,DI/CD,-0.06418856445347912
2895,GI/BQ,-0.06419859361087026
2896,AB/DI,-0.06453045691430159
2897,EG/BQ,-0.06485471242065016
2898,EJ/DU,-0.06500126260762189
2899,CF/DU,-0.0651662468834171
2900,CF/BQ,-0.06517435935120225
2901,DI/DY,-0.06522330396861487
2902,CD/DU,-0.06523126270233756
2903,DY/DI,-0.06526949882352347
2904,AY/DI,-0.06530572943492927
2905,GI/DI,-0.06531806869558002
2906,AH/BQ,-0.06537672454180551
2907,AF/EB,-0.06541400428697113
2908,GB/DU,-0.06562954324386448
2909,FC/DI,-0.06574536955141447
2910,DI/AM,-0.06576754647506768
2911,AR/DU,-0.06581098460609618
2912,CB/DI,-0.06590126560009338
2913,EU/DU,-0.0659719446248521
2914,FC/AB,-0.06597550794828369
2915,AF/AX,-0.06598158596920936
2916,EU/DI,-0.0661180880265845
2917,DI/FL,-0.06612885547017328
2918,DI/GI,-0.06616983928318254
2919,CD/BQ,-0.06619981821467869
2920,DI/AB,-0.06624157339999837
2921,DI/DU,-0.06643720390360175
2922,FS/BQ,-0.06645867106125926
2923,EG/DU,-0.06647473746251088
2924,FC/DU,-0.06651441348083924
2925,GI/AB,-0.06652371633027361
2926,BP/AB,-0.06654144423034075
2927,BD/DI,-0.0665463282327455
2928,EB/DU,-0.0666349603141911
2929,CB/DU,-0.06664957107947857
2930,AX/DU,-0.06673560036907274
2931,BQ/AM,-0.06688554335735533
2932,CD/DI,-0.06692529196719402
2933,FS/DI,-0.06693918451857411
2934,DF/DI,-0.06694591831036367
2935,EB/DI,-0.06701461812704711
2936,DI/EL,-0.06703680409565367
2937,EB/BQ,-0.06708413881721066
2938,CL/DI,-0.06717101836971491
2939,FS/DU,-0.06720113782701144
2940,DY/DU,-0.06733293544046602
2941,AF/BR,-0.0673996524871129
2942,AB/DF,-0.06746819303097978
2943,DI/DF,-0.06767400651992803
2944,CF/AB,-0.0677298068127449
2945,BP/DI,-0.06776737003407704
2946,DI/GF,-0.06785162404974233
2947,BD/DU,-0.06785417703282923
2948,DI/FE,-0.06785475580740444
2949,BP/DU,-0.0678609347327522
2950,CF/DI,-0.06792894793955236
2951,AH/DU,-0.06793038768402686
2952,DI/BC,-0.06793301011353256
2953,EJ/DI,-0.06794939357306125
2954,DI/CF,-0.06798597797085777
2955,DI/EU,-0.06798855845854969
2956,FL/DU,-0.0680426309796472
2957,FE/DU,-0.06809067834900105
2958,DF/DU,-0.0681044335261325
2959,BC/BQ,-0.06813260179014363
2960,BP/BQ,-0.0682348273711127
2961,AR/BQ,-0.06836261233498774
2962,FR/BQ,-0.06850074652757311
2963,DY/BQ,-0.06901368166979752
2964,DI/BQ,-0.06906363345408009
2965,AF/BZ,-0.06913490692925112
2966,BQ/GF,-0.06935796509082987
2967,CL/AB,-0.06953610517063454
2968,AY/BQ,-0.06972675112135855
2969,FC/BQ,-0.06977059498280329
2970,FR/AB,-0.06977650456812108
2971,CL/BQ,-0.07039015583064832
2972,BR/BQ,-0.07056357440024134
2973,AF/FD,-0.07065118572962659
2974,BQ/GI,-0.0706716393991171
2975,AF/EG,-0.07112556557754718
2976,AF/CH,-0.07114055927157197
2977,AB/FE,-0.0711483748885272
2978,CB/AB,-0.07152336372017859
2979,CB/BQ,-0.07154793273000659
2980,AB/GI,-0.07216697986229531
2981,BZ/BQ,-0.0725013952372006
2982,AB/AM,-0.07296875397056087
2983,FD/AF,-0.0738829392189849
2984,EJ/BQ,-0.07390695003761825
2985,AM/BQ,-0.07397134690181288
2986,BQ/EL,-0.07442455412191916
2987,BQ/EU,-0.07478880415301693
2988,BQ/CF,-0.07480289489212491
2989,EU/BQ,-0.07527776257473265
2990,AM/AB,-0.07539739397889494
2991,DF/BQ,-0.07541435854890224
2992,BQ/BC,-0.07551131623698248
2993,FE/BQ,-0.07552463635758958
2994,AY/AB,-0.07559048334538992
2995,BQ/DY,-0.07576872278778679
2996,AB/BQ,-0.07620213103250262
2997,BC/AF,-0.07632739638749474
2998,DH/AF,-0.07668533636005648
2999,EU/AB,-0.07711330399746921
3000,AB/EL,-0.07725342516772621
3001,BQ/AB,-0.07728738332775366
3002,DN/AF,-0.07741559660998731
3003,AB/GF,-0.07782610694890173
3004,BZ/AB,-0.07784342491802752
3005,FS/AB,-0.07789134083670464
3006,GH/AF,-0.07811233478421624
3007,AB/CF,-0.0782442532418171
3008,CH/AF,-0.07826358882222467
3009,AB/BC,-0.07826872253976684
3010,EJ/AB,-0.07830303155902248
3011,DF/AB,-0.0783456362486384
3012,BR/AB,-0.07845472777876616
3013,AB/EU,-0.07845556084844392
3014,FE/AB,-0.07853286014211705
3015,CR/AF,-0.078544254481433
3016,EG/AF,-0.07859754658681523
3017,AB/DY,-0.07861391386704769
3018,GL/AF,-0.07914614181053711
3019,AF/EH,-0.07927466214078786
3020,AZ/AF,-0.0795043120225757
3021,CU/AF,-0.08006338737375332
3022,FI/AF,-0.08011055576350394
3023,DA/AF,-0.0801973747806748
3024,CS/AF,-0.08029098464162691
3025,EP/AF,-0.08108216292769824
3026,CC/AF,-0.08120405595405639
3027,AF/EL,-0.08120930837673096
3028,EE/AF,-0.08135267093214121
3029,CW/AF,-0.08204225516668173
3030,DL/AF,-0.08258191400487402
3031,AF/DI,-0.08268996757346503
3032,FR/AF,-0.08296015431758895
3033,GF/AF,-0.08382113860289683
3034,AH/AF,-0.08400481138108948
3035,EL/AF,-0.0843229367655872
3036,AF/CD,-0.08509017474829299
3037,DE/AF,-0.08516966637144967
3038,AF/FE,-0.08530149463080235
3039,AF/AB,-0.08532836507630326
3040,AF/BQ,-0.08552201772392926
3041,BN/AF,-0.08553756574343888
3042,AF/DU,-0.08566936731535554
3043,GB/AF,-0.08601099132486877
3044,AX/AF,-0.08609194032703893
3045,AF/FL,-0.08618118394305449
3046,EB/AF,-0.08618848899177506
3047,AR/AF,-0.08620566182879599
3048,FC/AF,-0.08628221913341527
3049,DY/AF,-0.08676818565191972
3050,CD/AF,-0.08713609034362099
3051,FL/AF,-0.08713726710799255
3052,BD/AF,-0.0873746837383167
3053,GE/AF,-0.08779197866277871
3054,CF/AF,-0.08817025097875804
3055,GI/AF,-0.08829607568790575
3056,BR/AF,-0.08840417603450246
3057,EU/AF,-0.08869173077124956
3058,DI/AF,-0.08902951200907579
3059,AF/DF,-0.08945364358786027
3060,DV/AF,-0.08946918412705356
3061,FS/AF,-0.08973819189181224
3062,AF/GF,-0.08982629552008911
3063,BP/AF,-0.09010790578966993
3064,AF/DY,-0.09030382570098648
3065,CB/AF,-0.09036702009158164
3066,AB/AF,-0.0907192884775241
3067,DF/AF,-0.09112679548359467
3068,AY/AF,-0.09123688668008649
3069,AF/EU,-0.0912609793907273
3070,AF/GI,-0.09128572551209035
3071,AF/AM,-0.09129133363754612
3072,FE/AF,-0.09132212407696821
3073,EJ/AF,-0.09132269675404879
3074,AM/AF,-0.09137076933052207
3075,CL/AF,-0.09144240596673243
3076,BZ/AF,-0.09147388891989099
3077,AF/BC,-0.09148105181042147
3078,AF/CF,-0.09151202454021984
3079,BQ/AF,-0.09158032180674167
